Date,GID,Pos,Name,Starter,FD Pts,FD Salary,Team,H/A,Oppt,Team Score,Oppt Score,Minutes,Points,Rebounds,Assists,Steals,Blocks,Turnovers,ThreePointers,FieldGoals,FreeThrows
20141008,4621,NA,"Antetokounmpo, Giannis",,22.5,N/A,mil,H,mem,,,28,8,5,5,0,1,1,0,2-8,4-4
20141009,4621,NA,"Antetokounmpo, Giannis",1,13.4,N/A,mil,A,det,,,21,6,7,0,0,0,1,0,3-6,0-0
20141011,4621,NA,"Antetokounmpo, Giannis",,22.7,N/A,mil,H,chi,,,27,11,6,1,1,2,3,0,5-8,1-2
20141014,4621,NA,"Antetokounmpo, Giannis",1,9.8,N/A,mil,A,cle,,,23,4,4,0,0,1,1,0,0-5,4-4
20141017,4621,NA,"Antetokounmpo, Giannis",,36.8,N/A,mil,A,min,,,31,19,9,2,1,2,2,0,6-13,7-7
20141020,4621,NA,"Antetokounmpo, Giannis",1,23.4,N/A,mil,A,nyk,,,30,14,7,2,0,0,2,0,3-6,8-9
20141022,4621,NA,"Antetokounmpo, Giannis",1,17.5,N/A,mil,H,min,,,25,1,5,3,4,3,8,0,0-7,1-2
20141029,4621,SG,"Antetokounmpo, Giannis",,19.5,"$5,900",mil,A,cha,106,108,24,10,5,1,0,1,0,1,3-6,3-3
20141031,4621,SG,"Antetokounmpo, Giannis",,16.2,"$5,800",mil,H,phi,93,81,26,8,6,2,0,1,4,0,4-8,0-0
20141101,4621,SG,"Antetokounmpo, Giannis",,10.1,"$5,800",mil,A,was,97,108,13,4,3,1,1,1,3,0,2-3,0-1
20141104,4621,SG,"Antetokounmpo, Giannis",,14.1,"$5,300",mil,A,ind,87,81,17,11,3,1,0,0,2,1,4-7,2-2
20141105,4621,SG,"Antetokounmpo, Giannis",,24.1,"$5,300",mil,H,chi,86,95,27,13,8,1,0,0,0,0,6-11,1-2
20141107,4621,SG,"Antetokounmpo, Giannis",,15.5,"$5,100",mil,A,det,95,98,27,9,5,1,0,0,1,0,3-8,3-4
20141108,4621,SG,"Antetokounmpo, Giannis",,25.4,"$5,100",mil,H,mem,93,92,30,18,2,2,0,1,0,0,6-11,6-7
20141111,4621,SG,"Antetokounmpo, Giannis",,29.3,"$5,100",mil,H,okc,85,78,26,14,9,1,0,2,1,0,6-13,2-4
20141114,4621,SG,"Antetokounmpo, Giannis",,30.9,"$5,200",mil,A,orl,85,101,31,19,7,1,1,0,0,0,9-15,1-1
20141116,4621,SG,"Antetokounmpo, Giannis",1,22.9,"$5,200",mil,A,mia,91,84,32,11,7,3,2,0,5,0,4-8,3-7
20141118,4621,SG,"Antetokounmpo, Giannis",1,19.2,"$5,200",mil,H,nyk,117,113,18,13,6,0,0,0,1,0,3-6,7-7
20141119,4621,SG,"Antetokounmpo, Giannis",1,42.4,"$5,200",mil,A,bkn,122,118,48,18,12,4,3,0,2,0,7-11,4-8
20141121,4621,SG,"Antetokounmpo, Giannis",,13.4,"$5,500",mil,A,tor,83,122,15,7,2,2,1,0,1,0,1-4,5-7
20141122,4621,SG,"Antetokounmpo, Giannis",1,36.3,"$5,500",mil,H,was,100,111,36,20,4,5,3,0,2,0,6-11,8-8
20141125,4621,SG,"Antetokounmpo, Giannis",1,10.8,"$5,700",mil,H,det,98,86,31,2,4,2,2,0,3,0,1-13,0-0
20141126,4621,SG,"Antetokounmpo, Giannis",1,27.6,"$5,700",mil,A,min,103,86,26,13,8,4,0,0,1,0,6-12,1-2
20141128,4621,SG,"Antetokounmpo, Giannis",1,21.8,"$5,600",mil,A,det,104,88,27,7,9,2,0,2,3,0,3-7,1-3
20141129,4621,SG,"Antetokounmpo, Giannis",1,32.4,"$5,700",mil,H,hou,103,117,35,17,7,2,0,2,0,0,7-12,3-3
20141202,4621,SG,"Antetokounmpo, Giannis",1,24,"$5,800",mil,A,cle,108,111,25,14,5,4,0,0,2,0,6-14,2-2
20141203,4621,SG,"Antetokounmpo, Giannis",1,14.5,"$5,800",mil,H,dal,105,107,18,3,5,5,0,0,2,0,1-4,1-2
20141205,4621,SG,"Antetokounmpo, Giannis",1,25.4,"$5,600",mil,H,mia,109,85,32,14,7,0,0,2,1,0,3-8,8-11
20141207,4621,SG,"Antetokounmpo, Giannis",1,27.3,"$5,600",mil,A,dal,102,125,30,18,4,1,1,1,1,0,8-11,2-3
20141209,4621,SG,"Antetokounmpo, Giannis",1,28.4,"$5,700",mil,A,okc,101,114,26,17,7,0,0,2,1,1,4-11,8-11
20141213,4621,SG,"Antetokounmpo, Giannis",1,32.5,"$5,800",mil,H,lac,111,106,31,20,5,3,2,1,4,0,8-11,4-5
20141215,4621,SG,"Antetokounmpo, Giannis",1,13.6,"$5,900",mil,A,pho,96,94,24,6,8,0,0,0,2,0,2-7,2-3
20141217,4621,SG,"Antetokounmpo, Giannis",1,19.2,"$6,200",mil,A,por,97,104,18,10,6,0,1,0,0,0,4-7,2-2
20141218,4621,SG,"Antetokounmpo, Giannis",1,20.1,"$6,200",mil,A,sac,108,107,37,11,3,3,1,1,3,0,4-5,3-4
20141220,4621,SG,"Antetokounmpo, Giannis",1,38.8,"$6,300",mil,A,lac,102,106,38,18,9,6,2,0,3,0,8-12,2-3
20141223,4621,SG,"Antetokounmpo, Giannis",1,26.2,"$6,300",mil,H,cha,101,108,35,11,6,2,2,2,3,0,3-4,5-6
20141226,4621,SG,"Antetokounmpo, Giannis",1,21.5,"$6,300",mil,A,atl,107,77,30,7,5,5,0,2,3,0,2-10,3-4
20141227,4621,SG,"Antetokounmpo, Giannis",1,11,"$6,300",mil,H,atl,85,90,19,5,5,0,0,2,4,0,2-5,1-2
20141229,4621,SG,"Antetokounmpo, Giannis",1,36.6,"$6,300",mil,A,cha,104,94,35,16,8,4,0,3,1,0,7-8,2-3
20141231,4621,SG,"Antetokounmpo, Giannis",1,36.1,"$6,500",mil,A,cle,96,80,30,14,8,5,1,3,3,1,5-11,3-4
20150102,4621,SG,"Antetokounmpo, Giannis",1,16.8,"$6,300",mil,H,ind,91,94,33,6,4,0,0,4,2,0,2-8,2-2
20150104,4621,SG,"Antetokounmpo, Giannis",1,35.4,"$6,300",mil,A,nyk,95,82,30,16,12,2,1,2,4,1,6-9,3-6
20150106,4621,SG,"Antetokounmpo, Giannis",1,34.4,"$6,300",mil,H,pho,96,102,34,16,12,2,0,1,1,0,7-13,2-2
20150107,4621,SG,"Antetokounmpo, Giannis",1,14.6,"$6,300",mil,A,phi,97,77,15,7,3,2,1,0,1,0,3-9,1-2
20150109,4621,SG,"Antetokounmpo, Giannis",1,19.9,"$6,200",mil,H,min,98,84,29,10,7,1,1,1,4,0,5-9,0-0
20150110,4621,SG,"Antetokounmpo, Giannis",1,16.2,"$6,200",mil,A,chi,87,95,26,4,6,2,1,1,2,0,2-6,0-1
20150115,4621,SG,"Antetokounmpo, Giannis",1,24,"$6,000",mil,H,nyk,95,79,33,16,5,0,2,0,2,0,6-10,4-5
20150119,4621,SG,"Antetokounmpo, Giannis",1,24.1,"$6,000",mil,H,tor,89,92,33,6,3,5,3,1,1,0,3-8,0-0
20150122,4621,SG,"Antetokounmpo, Giannis",1,32.7,"$6,000",mil,H,uta,99,101,28,13,6,3,5,0,2,0,5-10,3-3
20150124,4621,SG,"Antetokounmpo, Giannis",1,15,"$6,100",mil,H,det,101,86,36,6,5,4,0,2,7,0,3-9,0-2
20150125,4621,SG,"Antetokounmpo, Giannis",1,21.9,"$6,100",mil,A,sas,95,101,33,4,7,5,2,0,2,0,2-5,0-0
20150127,4621,SG,"Antetokounmpo, Giannis",1,27.2,"$5,800",mil,A,mia,109,102,40,13,6,4,0,1,1,0,4-6,5-6
20150129,4621,SG,"Antetokounmpo, Giannis",1,30.3,"$5,800",mil,A,orl,115,100,33,10,4,5,1,3,0,0,3-7,4-5
20150131,4621,SG,"Antetokounmpo, Giannis",1,28.5,"$5,900",mil,H,por,95,88,33,10,10,1,3,1,3,0,3-5,4-4
20150202,4621,SG,"Antetokounmpo, Giannis",1,34.9,"$5,900",mil,A,tor,82,75,35,12,12,3,0,2,0,0,4-9,4-8
20150204,4621,SG,"Antetokounmpo, Giannis",1,36.7,"$6,200",mil,H,lal,113,105,42,25,6,1,1,2,3,0,10-14,5-5
20150206,4621,SG,"Antetokounmpo, Giannis",1,50,"$6,400",mil,A,hou,111,117,35,27,15,4,0,1,3,0,11-16,5-6
20150207,4621,SG,"Antetokounmpo, Giannis",1,37.7,"$6,400",mil,H,bos,96,93,37,14,11,5,1,2,3,0,6-10,2-4
20150209,4621,SG,"Antetokounmpo, Giannis",1,39.8,"$6,600",mil,H,bkn,103,97,32,12,9,8,3,1,3,0,4-9,4-4
20150211,4621,SG,"Antetokounmpo, Giannis",1,26.4,"$6,800",mil,H,sac,111,103,36,13,7,2,2,0,2,0,4-9,5-7
20150220,4621,SG,"Antetokounmpo, Giannis",1,22.3,"$6,700",mil,H,den,89,81,30,10,9,1,1,0,2,0,3-13,4-4
20150222,4621,SG,"Antetokounmpo, Giannis",1,28.8,"$6,600",mil,H,atl,86,97,32,19,4,0,1,2,1,0,7-15,5-5
20150223,4621,SG,"Antetokounmpo, Giannis",1,19.5,"$6,700",mil,A,chi,71,87,31,11,5,1,0,1,1,0,3-10,5-6
20150225,4621,SG,"Antetokounmpo, Giannis",1,30.2,"$6,400",mil,H,phi,104,88,37,5,11,6,3,1,5,0,1-6,3-5
20150227,4621,SG,"Antetokounmpo, Giannis",1,29.6,"$6,400",mil,A,lal,93,101,36,13,8,4,1,1,3,0,4-12,5-8
20150228,4621,SG,"Antetokounmpo, Giannis",1,25,"$6,400",mil,A,uta,75,82,34,8,5,4,3,1,3,0,4-5,0-0
20150303,4621,SG,"Antetokounmpo, Giannis",1,38.2,"$6,400",mil,A,den,95,106,35,19,11,2,1,3,5,1,7-10,4-6
20150304,4621,SG,"Antetokounmpo, Giannis",1,28.1,"$6,400",mil,A,gsw,93,102,41,16,8,1,2,1,5,0,6-13,4-4
20150307,4621,SG,"Antetokounmpo, Giannis",1,13.8,"$6,400",mil,H,was,91,85,37,5,4,0,2,1,2,0,2-10,1-4
20150309,4621,SG,"Antetokounmpo, Giannis",1,51,"$6,100",mil,H,nor,103,114,37,29,5,4,3,3,2,0,11-16,7-7
20150311,4621,SG,"Antetokounmpo, Giannis",1,23.9,"$7,000",mil,H,orl,97,91,30,11,7,3,0,1,2,1,4-9,2-4
20150312,4621,SG,"Antetokounmpo, Giannis",1,24.7,"$7,000",mil,A,ind,103,109,35,12,6,3,0,1,1,0,4-14,4-6
20150314,4621,SG,"Antetokounmpo, Giannis",1,27.2,"$6,900",mil,A,mem,83,96,39,19,6,2,0,0,2,0,7-10,5-6
20150317,4621,SG,"Antetokounmpo, Giannis",1,38.3,"$6,800",mil,A,nor,84,85,36,15,9,5,0,3,1,0,6-9,3-3
20150318,4621,SG,"Antetokounmpo, Giannis",1,39.3,"$6,800",mil,H,sas,103,114,37,19,9,3,1,2,1,0,8-16,3-3
20150320,4621,SG,"Antetokounmpo, Giannis",1,45.8,"$7,200",mil,A,bkn,127,129,53,23,14,2,2,1,3,0,7-19,9-12
20150322,4621,SG,"Antetokounmpo, Giannis",1,34.3,"$7,500",mil,H,cle,90,108,35,15,9,5,1,1,3,0,5-11,5-6
20150324,4621,SG,"Antetokounmpo, Giannis",1,31,"$7,500",mil,H,mia,89,88,39,16,10,2,0,3,6,0,6-10,4-4
20150326,4621,NA,"Antetokounmpo, Giannis",1,24.8,N/A,mil,H,ind,111,107,43,16,4,2,0,1,1,0,7-10,2-4
20150328,4621,SG,"Antetokounmpo, Giannis",1,17.1,"$7,500",mil,H,gsw,95,108,30,12,3,1,1,0,2,0,4-6,4-6
20150330,4621,SG,"Antetokounmpo, Giannis",1,30.2,"$7,200",mil,A,atl,88,101,38,18,6,4,0,0,1,0,7-9,4-4
20150401,4621,SG,"Antetokounmpo, Giannis",1,21.4,"$7,200",mil,H,chi,95,91,28,11,7,2,0,1,3,0,4-9,3-4
20150403,4621,SG,"Antetokounmpo, Giannis",1,16.1,"$7,000",mil,A,bos,110,101,27,11,3,3,0,0,3,0,5-8,1-2
20150404,4621,SG,"Antetokounmpo, Giannis",1,11.6,"$7,000",mil,H,orl,90,97,28,8,3,0,0,1,2,0,3-12,2-2
20150410,4621,SG,"Antetokounmpo, Giannis",1,35.3,"$6,700",mil,A,nyk,99,91,31,23,9,1,0,1,2,0,7-14,9-11
20150412,4621,SG,"Antetokounmpo, Giannis",1,38.3,"$6,800",mil,H,bkn,96,73,30,13,9,7,1,1,0,0,6-14,1-3
20150413,4621,SG,"Antetokounmpo, Giannis",1,23.9,"$6,800",mil,A,phi,107,97,34,12,7,3,0,0,1,0,3-9,6-10
20150415,4621,SG,"Antetokounmpo, Giannis",1,10.6,"$6,900",mil,H,bos,100,105,29,3,3,4,0,0,2,0,1-6,1-2
20150418,4621,SG,"Antetokounmpo, Giannis",1,23,"$6,900",mil,A,chi,91,103,33,12,5,4,0,0,1,0,4-13,4-4
20150420,4621,SG,"Antetokounmpo, Giannis",1,31.2,"$6,400",mil,A,chi,82,91,38,6,11,4,2,2,2,0,2-11,2-2
20150423,4621,SG,"Antetokounmpo, Giannis",1,43.4,"$6,500",mil,H,chi,106,113,51,25,12,2,0,2,3,0,10-22,5-8
20150425,4621,SG,"Antetokounmpo, Giannis",1,23.6,"$6,800",mil,H,chi,92,90,26,10,8,2,1,0,1,0,3-7,4-6
20150427,4621,SG,"Antetokounmpo, Giannis",1,23.6,"$6,700",mil,A,chi,94,88,38,11,3,2,0,4,2,0,5-12,1-1
20150430,4621,SG,"Antetokounmpo, Giannis",1,11.6,"$6,800",mil,H,chi,66,120,15,5,3,2,0,1,2,0,2-6,1-2
