Date,GID,Pos,Name,Starter,FD Pts,FD Salary,Team,H/A,Oppt,Team Score,Oppt Score,Minutes,Points,Rebounds,Assists,Steals,Blocks,Turnovers,ThreePointers,FieldGoals,FreeThrows
20141007,4690,NA,"Bairstow, Cameron",,7.6,N/A,chi,A,det,,,12,1,3,2,0,0,0,0,0-1,1-4
20141013,4690,NA,"Bairstow, Cameron",,1.2,N/A,chi,H,den,,,2,0,1,0,0,0,0,0,0-0,0-0
20141029,4690,PF,"Bairstow, Cameron",,-1,"$3,500",chi,A,nyk,104,80,4,0,0,0,0,0,1,0,0-1,0-0
20141120,4690,PF,"Bairstow, Cameron",,0,"$3,500",chi,A,sac,88,103,6,0,0,0,0,0,0,0,0-0,0-0
20141121,4690,PF,"Bairstow, Cameron",,2.2,"$3,500",chi,A,por,87,105,2,1,1,0,0,0,0,0,0-0,1-2
20141125,4690,PF,"Bairstow, Cameron",1,5.9,"$3,500",chi,A,den,109,114,19,2,2,1,0,1,2,0,1-4,0-0
20141210,4690,PF,"Bairstow, Cameron",,4.4,"$3,500",chi,H,bkn,105,80,9,0,2,0,1,0,0,0,0-3,0-0
20141214,4690,PF,"Bairstow, Cameron",,0,"$3,500",chi,A,mia,93,75,1,0,0,0,0,0,0,0,0-0,0-0
20141225,4690,PF,"Bairstow, Cameron",,1.2,"$3,500",chi,H,lal,113,93,1,0,1,0,0,0,0,0,0-0,0-0
20150107,4690,PF,"Bairstow, Cameron",,4,"$3,500",chi,H,uta,77,97,3,2,0,0,1,0,0,0,1-1,0-0
20150109,4690,PF,"Bairstow, Cameron",,0,"$3,500",chi,A,was,86,102,0,0,0,0,0,0,0,0,0-0,0-0
20150119,4690,PF,"Bairstow, Cameron",,2,"$3,500",chi,A,cle,94,108,3,2,0,0,0,0,0,0,0-1,2-2
20150122,4690,PF,"Bairstow, Cameron",,5.4,"$3,500",chi,H,sas,104,81,2,3,2,0,0,0,0,0,1-2,1-1
20150207,4690,PF,"Bairstow, Cameron",,0,"$3,500",chi,A,nor,107,72,7,0,0,0,0,0,0,0,0-1,0-0
20150210,4690,PF,"Bairstow, Cameron",,0,"$3,500",chi,H,sac,104,86,1,0,0,0,0,0,0,0,0-1,0-0
20150223,4690,PF,"Bairstow, Cameron",,0,"$3,500",chi,H,mil,87,71,1,0,0,0,0,0,0,0,0-0,0-0
20150318,4690,PF,"Bairstow, Cameron",,0,"$3,500",chi,H,ind,103,86,1,0,0,0,0,0,0,0,0-0,0-0
20150320,4690,PF,"Bairstow, Cameron",,0,"$3,500",chi,H,tor,108,92,1,0,0,0,0,0,0,0,0-0,0-0
20150328,4690,PF,"Bairstow, Cameron",,0,"$3,500",chi,H,nyk,111,80,3,0,0,0,0,0,0,0,0-0,0-0
20150413,4690,PF,"Bairstow, Cameron",,0,"$3,500",chi,A,bkn,113,86,2,0,0,0,0,0,0,0,0-0,0-0
