Date,GID,Pos,Name,Starter,FD Pts,FD Salary,Team,H/A,Oppt,Team Score,Oppt Score,Minutes,Points,Rebounds,Assists,Steals,Blocks,Turnovers,ThreePointers,FieldGoals,FreeThrows
20150327,3739,NA,"Bynum, Will",,1.5,N/A,was,H,cha,110,107,3,0,0,1,0,0,0,0,0-1,0-0
20150401,3739,PG,"Bynum, Will",,-2,"$3,800",was,H,phi,106,93,2,0,0,0,0,0,2,0,0-0,0-0
20150403,3739,PG,"Bynum, Will",,0,"$3,500",was,H,nyk,101,87,3,0,0,0,0,0,0,0,0-1,0-0
20150408,3739,PG,"Bynum, Will",,25.9,"$3,500",was,A,phi,119,90,19,10,2,7,1,1,1,0,5-11,0-0
20150410,3739,PG,"Bynum, Will",,0,"$3,700",was,A,bkn,80,117,18,1,0,2,0,0,4,0,0-3,1-2
20150414,3739,PG,"Bynum, Will",,0,"$3,500",was,A,ind,95,99,0,0,0,0,0,0,0,0,0-0,0-0
20150415,3739,PG,"Bynum, Will",,26.8,"$3,500",was,A,cle,108,113,21,11,4,8,0,0,1,0,5-15,1-2
20150426,3739,PG,"Bynum, Will",,5,"$3,700",was,H,tor,125,94,4,0,0,2,1,0,0,0,0-1,0-0
20150509,3739,PG,"Bynum, Will",,9.5,"$2,000",was,H,atl,103,101,13,9,0,1,0,0,1,1,2-6,4-5
20150511,3739,PG,"Bynum, Will",,13.6,"$2,000",was,H,atl,101,106,14,10,3,0,1,1,4,0,5-7,0-0
