Date,GID,Pos,Name,Starter,FD Pts,FD Salary,Team,H/A,Oppt,Team Score,Oppt Score,Minutes,Points,Rebounds,Assists,Steals,Blocks,Turnovers,ThreePointers,FieldGoals,FreeThrows
20141007,4708,NA,"Caboclo, Bruno",,7.4,N/A,tor,A,sac,,,15,6,2,0,0,0,1,2,2-2,0-0
20141013,4708,NA,"Caboclo, Bruno",,7.2,N/A,tor,A,nyk,,,13,6,1,0,1,0,2,1,2-3,1-2
20141015,4708,NA,"Caboclo, Bruno",1,5.6,N/A,tor,A,bos,,,13,0,3,0,1,0,0,0,0-4,0-0
20141017,4708,NA,"Caboclo, Bruno",,7.4,N/A,tor,A,okc,,,14,5,2,0,1,0,2,1,2-7,0-0
20141022,4708,NA,"Caboclo, Bruno",,8.4,N/A,tor,H,MCH,,,13,4,2,0,0,1,0,0,2-4,0-0
20141121,4708,SF,"Caboclo, Bruno",,10.2,"$3,500",tor,H,mil,122,83,12,8,1,0,0,1,1,2,3-6,0-0
20141217,4708,SF,"Caboclo, Bruno",,0,"$3,500",tor,H,bkn,105,89,1,0,0,0,0,0,0,0,0-0,0-0
20141221,4708,NA,"Caboclo, Bruno",,1.2,N/A,tor,H,nyk,118,108,2,0,1,0,0,0,0,0,0-3,0-0
20150204,4708,SF,"Caboclo, Bruno",,0,"$3,500",tor,H,bkn,93,109,1,0,0,0,0,0,0,0,0-0,0-0
20150322,4708,SF,"Caboclo, Bruno",,0,"$3,500",tor,H,nyk,106,89,2,0,0,0,0,0,0,0,0-1,0-0
20150327,4708,SF,"Caboclo, Bruno",,-2,"$3,500",tor,H,lal,94,83,1,0,0,0,0,0,2,0,0-0,0-0
20150401,4708,SF,"Caboclo, Bruno",,2,"$3,500",tor,A,min,113,99,4,2,0,0,0,0,0,0,1-2,0-0
20150408,4708,SF,"Caboclo, Bruno",,-1,"$3,500",tor,A,cha,92,74,1,0,0,0,0,0,1,0,0-0,0-0
