Date,GID,Pos,Name,Starter,FD Pts,FD Salary,Team,H/A,Oppt,Team Score,Oppt Score,Minutes,Points,Rebounds,Assists,Steals,Blocks,Turnovers,ThreePointers,FieldGoals,FreeThrows
20141007,4616,NA,"Caldwell-Pope, Kentavious",,23.2,N/A,det,H,chi,,,25,18,1,2,1,0,1,4,7-15,0-0
20141009,4616,NA,"Caldwell-Pope, Kentavious",1,24.6,N/A,det,H,mil,,,33,20,3,2,0,0,2,1,6-9,7-9
20141012,4616,NA,"Caldwell-Pope, Kentavious",1,16.4,N/A,det,A,was,,,24,12,2,0,2,0,2,2,5-11,0-0
20141029,4616,SG,"Caldwell-Pope, Kentavious",1,20.9,"$3,800",det,A,den,79,89,36,7,7,3,0,1,1,1,3-19,0-0
20141030,4616,SG,"Caldwell-Pope, Kentavious",1,24.2,"$3,800",det,A,min,91,97,41,11,6,2,2,0,1,1,5-13,0-2
20141101,4616,SG,"Caldwell-Pope, Kentavious",1,16.2,"$5,100",det,H,bkn,90,102,41,10,6,0,1,0,3,0,3-10,4-4
20141105,4616,SG,"Caldwell-Pope, Kentavious",1,22.4,"$5,000",det,H,nyk,98,95,35,20,2,0,0,0,0,4,8-14,0-2
20141107,4616,SG,"Caldwell-Pope, Kentavious",1,24,"$5,000",det,H,mil,98,95,30,19,5,0,0,0,1,3,7-11,2-2
20141109,4616,SG,"Caldwell-Pope, Kentavious",1,13.7,"$5,000",det,H,uta,96,97,34,11,1,1,0,0,0,3,3-13,2-4
20141110,4616,SG,"Caldwell-Pope, Kentavious",1,11.7,"$5,000",det,A,chi,91,102,29,9,1,1,0,0,0,1,3-9,2-4
20141112,4616,SG,"Caldwell-Pope, Kentavious",1,23.4,"$4,700",det,A,was,103,107,35,20,2,0,0,1,1,4,8-14,0-0
20141114,4616,SG,"Caldwell-Pope, Kentavious",1,11.1,"$4,800",det,A,okc,96,89,41,8,3,1,0,0,2,1,3-10,1-2
20141115,4616,SG,"Caldwell-Pope, Kentavious",1,7.1,"$4,800",det,A,mem,88,95,26,2,3,1,0,0,0,0,1-11,0-0
20141117,4616,SG,"Caldwell-Pope, Kentavious",1,18,"$4,500",det,H,orl,93,107,34,10,5,2,0,0,1,2,4-10,0-0
20141119,4616,SG,"Caldwell-Pope, Kentavious",1,25.4,"$4,500",det,H,pho,86,88,28,15,2,2,3,0,1,3,6-13,0-0
20141121,4616,SG,"Caldwell-Pope, Kentavious",1,10,"$4,600",det,A,atl,89,99,32,4,0,0,3,0,0,0,1-7,2-2
20141125,4616,SG,"Caldwell-Pope, Kentavious",1,12,"$4,600",det,A,mil,86,98,21,6,0,2,2,0,1,2,2-9,0-0
20141126,4616,SG,"Caldwell-Pope, Kentavious",1,19.7,"$4,600",det,H,lac,98,104,41,17,1,1,1,0,2,3,5-11,4-4
20141128,4616,SG,"Caldwell-Pope, Kentavious",1,30.2,"$4,500",det,H,mil,88,104,35,21,6,0,1,0,0,4,7-19,3-6
20141130,4616,NA,"Caldwell-Pope, Kentavious",1,31.3,N/A,det,H,gsw,93,104,36,23,4,1,2,0,2,4,8-15,3-5
20141202,4616,SG,"Caldwell-Pope, Kentavious",1,10.8,"$4,700",det,H,lal,96,106,33,7,4,0,0,0,1,0,3-9,1-2
20141203,4616,SG,"Caldwell-Pope, Kentavious",1,26.7,"$4,700",det,A,bos,102,109,41,15,6,1,2,0,1,3,6-15,0-0
20141206,4616,SG,"Caldwell-Pope, Kentavious",1,18.2,"$4,600",det,H,phi,101,108,30,9,6,0,2,0,2,0,2-10,5-7
20141207,4616,SG,"Caldwell-Pope, Kentavious",1,29.1,"$4,600",det,H,okc,94,96,33,19,3,5,1,0,3,1,6-12,6-7
20141209,4616,SG,"Caldwell-Pope, Kentavious",1,12,"$4,900",det,H,por,86,98,25,11,0,0,2,0,3,1,4-7,2-2
20141212,4616,SG,"Caldwell-Pope, Kentavious",1,24.5,"$4,700",det,A,pho,105,103,30,14,5,1,3,0,3,2,5-9,2-2
20141213,4616,SG,"Caldwell-Pope, Kentavious",1,11.9,"$4,700",det,A,sac,95,90,28,8,2,1,0,0,0,2,2-6,2-2
20141215,4616,SG,"Caldwell-Pope, Kentavious",1,8.8,"$4,500",det,A,lac,91,113,26,2,4,0,2,0,2,0,1-5,0-2
20141217,4616,SG,"Caldwell-Pope, Kentavious",1,16.4,"$4,400",det,H,dal,106,117,28,14,2,0,0,0,0,3,5-15,1-1
20141219,4616,SG,"Caldwell-Pope, Kentavious",1,22.7,"$4,300",det,H,tor,100,110,27,18,1,3,0,0,1,4,7-12,0-0
20141221,4616,SG,"Caldwell-Pope, Kentavious",1,27.2,"$4,300",det,A,bkn,105,110,33,20,6,0,0,0,0,5,6-15,3-3
20141226,4616,SG,"Caldwell-Pope, Kentavious",1,23.1,"$4,500",det,H,ind,119,109,34,15,3,1,2,0,1,2,6-13,1-1
20141228,4616,NA,"Caldwell-Pope, Kentavious",1,18.4,N/A,det,A,cle,103,80,22,13,2,0,2,0,1,3,5-9,0-0
20141230,4616,SG,"Caldwell-Pope, Kentavious",1,8.4,"$4,600",det,A,orl,109,86,25,4,2,0,1,0,0,0,2-8,0-0
20150102,4616,SG,"Caldwell-Pope, Kentavious",1,19.6,"$4,400",det,A,nyk,97,81,32,12,3,2,1,0,1,2,5-9,0-0
20150104,4616,SG,"Caldwell-Pope, Kentavious",1,19.3,"$4,400",det,H,sac,114,95,27,9,4,1,2,1,2,1,4-9,0-0
20150106,4616,SG,"Caldwell-Pope, Kentavious",1,14.5,"$4,400",det,A,sas,105,104,37,10,0,1,1,1,1,0,4-9,2-2
20150107,4616,SG,"Caldwell-Pope, Kentavious",1,11.9,"$4,400",det,A,dal,108,95,18,8,2,1,1,0,2,1,3-6,1-2
20150109,4616,SG,"Caldwell-Pope, Kentavious",1,31.2,"$4,200",det,H,atl,103,106,35,20,6,0,1,1,0,4,8-23,0-1
20150110,4616,SG,"Caldwell-Pope, Kentavious",1,21.8,"$4,200",det,H,bkn,98,93,24,6,4,4,4,0,3,1,2-5,1-2
20150112,4616,SG,"Caldwell-Pope, Kentavious",1,16.6,"$4,400",det,A,tor,114,111,33,9,3,2,1,0,1,0,3-7,3-3
20150114,4616,SG,"Caldwell-Pope, Kentavious",1,19.4,"$4,400",det,H,nor,94,105,29,8,2,4,1,1,1,1,3-7,1-2
20150116,4616,SG,"Caldwell-Pope, Kentavious",1,15.8,"$4,400",det,A,ind,98,96,28,10,4,0,0,1,1,2,4-7,0-0
20150117,4616,SG,"Caldwell-Pope, Kentavious",1,24.6,"$4,400",det,H,phi,107,83,35,17,3,2,0,1,1,3,6-11,2-2
20150119,4616,SG,"Caldwell-Pope, Kentavious",1,18.3,"$4,400",det,A,atl,82,93,39,10,4,1,1,1,2,2,4-15,0-0
20150121,4616,SG,"Caldwell-Pope, Kentavious",1,16.4,"$4,400",det,H,orl,128,118,36,10,2,0,2,0,0,1,4-8,1-1
20150124,4616,SG,"Caldwell-Pope, Kentavious",1,10.8,"$4,300",det,A,mil,86,101,24,4,4,0,1,0,0,0,2-12,0-0
20150125,4616,SG,"Caldwell-Pope, Kentavious",1,23.6,"$4,300",det,A,tor,110,114,42,16,3,2,2,0,3,3,6-17,1-2
20150127,4616,SG,"Caldwell-Pope, Kentavious",1,15.4,"$4,700",det,H,cle,95,103,29,11,2,2,0,1,3,1,3-7,4-5
20150128,4616,SG,"Caldwell-Pope, Kentavious",1,4.9,"$4,700",det,A,phi,69,89,23,4,2,1,0,0,3,0,2-9,0-0
20150131,4616,SG,"Caldwell-Pope, Kentavious",1,48,"$4,300",det,H,hou,114,101,40,28,5,4,1,3,0,6,10-21,2-4
20150203,4616,SG,"Caldwell-Pope, Kentavious",1,30.3,"$4,800",det,H,mia,108,91,29,18,4,1,3,0,0,1,8-19,1-3
20150204,4616,SG,"Caldwell-Pope, Kentavious",1,3,"$4,800",det,A,ind,109,114,3,3,0,0,0,0,0,1,1-1,0-0
20150206,4616,SG,"Caldwell-Pope, Kentavious",1,10.9,"$4,800",det,H,den,98,88,23,9,2,1,0,0,2,1,3-8,2-3
20150208,4616,SG,"Caldwell-Pope, Kentavious",1,24.2,"$4,800",det,H,min,101,112,30,15,1,0,4,0,0,2,6-15,1-2
20150210,4616,SG,"Caldwell-Pope, Kentavious",1,17.7,"$4,900",det,A,cha,106,78,27,5,6,3,0,1,1,1,2-6,0-0
20150211,4616,SG,"Caldwell-Pope, Kentavious",1,24.6,"$4,900",det,H,sas,87,104,36,20,3,0,0,1,1,2,7-15,4-4
20150220,4616,SG,"Caldwell-Pope, Kentavious",1,19.4,"$5,000",det,H,chi,100,91,29,12,2,2,1,0,0,2,5-11,0-2
20150222,4616,SG,"Caldwell-Pope, Kentavious",1,32.9,"$5,000",det,H,was,106,89,31,26,2,1,2,0,1,6,10-20,0-0
20150224,4616,SG,"Caldwell-Pope, Kentavious",1,27.9,"$5,000",det,H,cle,93,102,33,21,2,1,2,0,1,5,7-13,2-3
20150227,4616,SG,"Caldwell-Pope, Kentavious",1,35.7,"$5,100",det,H,nyk,115,121,42,19,6,3,1,2,1,3,7-18,2-2
20150228,4616,SG,"Caldwell-Pope, Kentavious",1,6.2,"$5,100",det,A,was,95,99,23,5,1,0,1,0,2,1,2-8,0-0
20150304,4616,SG,"Caldwell-Pope, Kentavious",1,15.1,"$5,300",det,A,nor,85,88,24,8,3,1,1,0,0,0,4-14,0-0
20150306,4616,SG,"Caldwell-Pope, Kentavious",1,11.7,"$5,200",det,A,hou,93,103,33,6,1,3,1,0,2,0,3-10,0-0
20150308,4616,SG,"Caldwell-Pope, Kentavious",1,18,"$5,000",det,H,cha,101,108,32,11,5,2,0,0,2,0,4-15,3-4
20150310,4616,SG,"Caldwell-Pope, Kentavious",1,21.4,"$4,900",det,A,lal,85,93,36,15,2,2,0,1,1,4,5-14,1-1
20150311,4616,SG,"Caldwell-Pope, Kentavious",1,23.9,"$4,900",det,A,gsw,98,105,36,13,2,3,2,0,0,1,6-15,0-0
20150313,4616,SG,"Caldwell-Pope, Kentavious",1,15.9,"$4,900",det,A,por,99,118,26,12,2,1,0,0,0,0,6-14,0-0
20150314,4616,SG,"Caldwell-Pope, Kentavious",1,7.9,"$4,900",det,A,uta,85,88,28,1,2,1,2,0,1,0,0-5,1-2
20150317,4616,SG,"Caldwell-Pope, Kentavious",1,24.5,"$4,600",det,H,mem,105,95,37,24,0,1,0,0,1,2,10-16,2-3
20150318,4616,SG,"Caldwell-Pope, Kentavious",1,31.6,"$4,600",det,A,phi,83,94,36,20,8,2,1,0,3,1,7-16,5-6
20150321,4616,SG,"Caldwell-Pope, Kentavious",1,19.7,"$4,900",det,H,chi,107,91,39,15,1,1,1,0,0,3,6-11,0-0
20150322,4616,SG,"Caldwell-Pope, Kentavious",1,38.1,"$4,900",det,A,bos,105,97,44,27,8,1,2,0,4,3,10-20,4-4
20150324,4616,SG,"Caldwell-Pope, Kentavious",1,39.2,"$5,200",det,H,tor,108,104,36,26,6,4,0,0,0,5,10-17,1-2
20150327,4616,SG,"Caldwell-Pope, Kentavious",1,25.5,"$5,500",det,A,orl,111,97,39,10,5,1,4,0,0,0,4-20,2-2
20150329,4616,SG,"Caldwell-Pope, Kentavious",1,15.3,"$5,500",det,A,mia,102,109,41,9,4,1,2,0,4,0,4-15,1-2
20150331,4616,SG,"Caldwell-Pope, Kentavious",1,25.7,"$5,300",det,H,atl,105,95,32,18,1,3,1,0,0,3,7-16,1-1
20150401,4616,SG,"Caldwell-Pope, Kentavious",1,2.5,"$5,300",det,A,cha,78,102,14,2,0,1,0,0,1,0,1-6,0-0
20150403,4616,SG,"Caldwell-Pope, Kentavious",1,20.2,"$4,900",det,A,chi,82,88,35,14,1,0,3,0,1,2,6-16,0-0
20150404,4616,SG,"Caldwell-Pope, Kentavious",1,30.1,"$4,900",det,H,mia,99,98,42,19,3,1,3,0,0,2,6-16,5-8
20150408,4616,SG,"Caldwell-Pope, Kentavious",1,14.9,"$4,900",det,H,bos,103,113,37,10,2,3,0,0,2,2,3-10,2-2
20150410,4616,SG,"Caldwell-Pope, Kentavious",1,22.9,"$4,800",det,H,ind,103,107,30,16,2,1,2,0,1,3,6-10,1-4
20150412,4616,SG,"Caldwell-Pope, Kentavious",1,17.7,"$4,800",det,H,cha,116,77,28,10,6,1,1,0,3,2,4-9,0-0
20150413,4616,SG,"Caldwell-Pope, Kentavious",1,25.8,"$4,800",det,A,cle,97,109,25,13,4,4,1,0,0,1,5-9,2-2
20150415,4616,SG,"Caldwell-Pope, Kentavious",1,30,"$4,800",det,A,nyk,112,90,34,17,5,4,1,0,1,4,5-9,3-4
