Date,GID,Pos,Name,Starter,FD Pts,FD Salary,Team,H/A,Oppt,Team Score,Oppt Score,Minutes,Points,Rebounds,Assists,Steals,Blocks,Turnovers,ThreePointers,FieldGoals,FreeThrows
20141007,4686,NA,"Cherry, Will",,17,N/A,tor,A,sac,,,17,6,0,4,3,0,1,0,2-7,2-4
20141013,4686,NA,"Cherry, Will",,4.7,N/A,tor,A,nyk,,,14,3,1,1,1,0,3,0,1-3,1-1
20141015,4686,NA,"Cherry, Will",,3.2,N/A,tor,A,bos,,,7,2,1,0,0,0,0,0,1-1,0-0
20141017,4686,NA,"Cherry, Will",,6.9,N/A,tor,A,okc,,,10,3,2,1,0,0,0,0,1-4,1-3
20141022,4686,NA,"Cherry, Will",,5,N/A,tor,H,MCH,,,21,3,0,2,0,1,3,1,1-5,0-0
20141107,4763,PG,"Cherry, Will",,1.2,"$3,500",cle,A,den,110,101,3,0,1,0,0,0,0,0,0-0,0-0
20141110,4763,PG,"Cherry, Will",,3.2,"$3,500",cle,H,nor,118,111,4,2,1,0,0,0,0,0,1-2,0-0
20141115,4763,PG,"Cherry, Will",,11.2,"$3,500",cle,H,atl,127,94,10,4,1,2,2,0,1,1,1-4,1-2
20141119,4763,PG,"Cherry, Will",,0.5,"$3,500",cle,H,sas,90,92,2,0,0,1,0,0,1,0,0-0,0-0
20141122,4763,PG,"Cherry, Will",,0.5,"$3,500",cle,H,tor,93,110,5,0,0,1,0,0,1,0,0-1,0-0
20141124,4763,PG,"Cherry, Will",,16.4,"$3,500",cle,H,orl,106,74,20,5,2,4,1,1,1,1,2-6,0-0
20141126,4763,PG,"Cherry, Will",,6,"$3,500",cle,H,was,113,87,12,2,0,0,2,0,0,0,0-2,2-2
20141129,4763,PG,"Cherry, Will",,4,"$3,500",cle,H,ind,109,97,14,2,0,0,1,0,0,0,1-4,0-2
