Date,GID,Pos,Name,Starter,FD Pts,FD Salary,Team,H/A,Oppt,Team Score,Oppt Score,Minutes,Points,Rebounds,Assists,Steals,Blocks,Turnovers,ThreePointers,FieldGoals,FreeThrows
20141008,4712,NA,"Christopher, Patrick",,8.7,N/A,mem,A,mil,,,13,6,1,1,0,0,0,2,2-4,0-0
20141009,4712,NA,"Christopher, Patrick",,6.2,N/A,mem,A,hou,,,10,6,1,0,0,0,1,1,2-4,1-2
20141011,4712,NA,"Christopher, Patrick",,4.4,N/A,mem,H,atl,,,10,2,2,0,0,0,0,0,1-5,0-0
20141014,4712,NA,"Christopher, Patrick",,14.5,N/A,mem,A,okc,,,14,12,0,1,1,0,1,1,5-7,1-1
20141020,4712,NA,"Christopher, Patrick",,6.5,N/A,mem,A,dal,,,12,5,0,1,0,0,0,0,2-6,1-1
20141024,4712,NA,"Christopher, Patrick",,8.2,N/A,mem,H,mia,,,13,5,1,0,1,0,0,1,2-3,0-0
20141227,4712,SG,"Christopher, Patrick",,2,"$3,500",uta,H,phi,88,71,6,0,0,0,1,0,0,0,0-1,0-0
20141229,4712,SG,"Christopher, Patrick",,5.6,"$3,500",uta,A,lac,97,101,5,2,3,0,0,0,0,0,1-2,0-0
20141230,4712,SG,"Christopher, Patrick",,6.4,"$3,500",uta,H,min,100,94,13,4,2,0,0,0,0,0,2-8,0-0
20150102,4712,SG,"Christopher, Patrick",1,0.2,"$3,500",uta,H,atl,92,98,5,0,1,0,0,0,1,0,0-1,0-0
