Date,GID,Pos,Name,Starter,FD Pts,FD Salary,Team,H/A,Oppt,Team Score,Oppt Score,Minutes,Points,Rebounds,Assists,Steals,Blocks,Turnovers,ThreePointers,FieldGoals,FreeThrows
20141007,4235,NA,"Claver, Victor",,2,N/A,por,A,uta,,,5,2,0,0,0,0,0,0,1-2,0-0
20141017,4235,NA,"Claver, Victor",,4,N/A,por,H,MCH,,,6,4,0,0,0,0,0,0,1-1,2-2
20141022,4235,NA,"Claver, Victor",,0.4,N/A,por,A,lal,,,7,0,2,0,0,0,2,0,0-2,0-0
20141024,4235,NA,"Claver, Victor",,4,N/A,por,A,lac,,,4,4,0,0,0,0,0,0,1-1,2-2
20141222,4235,SF,"Claver, Victor",,3.4,"$3,500",por,A,hou,95,110,4,2,2,0,0,0,1,0,1-1,0-0
20141226,4235,SF,"Claver, Victor",,9.6,"$3,500",por,H,phi,114,93,17,5,3,0,1,0,1,1,2-4,0-0
20141228,4235,SF,"Claver, Victor",,10.7,"$3,500",por,H,nyk,101,79,19,3,6,1,0,0,1,1,1-6,0-0
20150108,4235,SF,"Claver, Victor",,2.4,"$3,500",por,H,mia,99,83,5,0,2,0,0,0,0,0,0-0,0-0
20150116,4235,SF,"Claver, Victor",,2.4,"$3,500",por,A,sas,96,110,5,0,2,0,0,0,0,0,0-1,0-0
20150119,4235,SF,"Claver, Victor",,6.6,"$3,500",por,H,sac,98,94,7,3,3,0,0,0,0,1,1-2,0-0
20150122,4235,SF,"Claver, Victor",,8.4,"$3,500",por,H,bos,89,90,12,5,2,0,0,1,1,1,2-3,0-0
20150131,4235,SF,"Claver, Victor",,3,"$3,500",por,A,mil,88,95,1,3,0,0,0,0,0,1,1-1,0-0
20150205,4235,SF,"Claver, Victor",,3,"$3,500",por,H,pho,108,87,2,3,0,0,0,0,0,1,1-1,0-0
20150211,4235,SF,"Claver, Victor",,0,"$3,500",por,H,lal,102,86,3,0,0,0,0,0,0,0,0-1,0-0
