Date,GID,Pos,Name,Starter,FD Pts,FD Salary,Team,H/A,Oppt,Team Score,Oppt Score,Minutes,Points,Rebounds,Assists,Steals,Blocks,Turnovers,ThreePointers,FieldGoals,FreeThrows
20141005,4732,NA,"Crawford, Chris",,1.5,N/A,cle,H,MTV,,,3,0,0,1,0,0,0,0,0-0,0-0
20141011,4732,NA,"Crawford, Chris",,5.4,N/A,cle,A,mia,,,5,0,2,2,0,0,0,0,0-1,0-0
20141014,4732,NA,"Crawford, Chris",,14.7,N/A,cle,H,mil,,,16,6,1,3,1,1,1,1,2-4,1-1
20141015,4732,NA,"Crawford, Chris",,2,N/A,cle,H,ind,,,7,3,0,0,0,0,1,1,1-2,0-0
20141017,4732,NA,"Crawford, Chris",,7.2,N/A,cle,H,dal,,,6,3,1,2,0,0,0,1,1-3,0-0
