Date,GID,Pos,Name,Starter,FD Pts,FD Salary,Team,H/A,Oppt,Team Score,Oppt Score,Minutes,Points,Rebounds,Assists,Steals,Blocks,Turnovers,ThreePointers,FieldGoals,FreeThrows
20141007,4501,NA,"Cunningham, Jared",,3,N/A,lac,H,gsw,,,3,0,0,0,2,0,1,0,0-0,0-2
20141013,4501,NA,"Cunningham, Jared",,4.2,N/A,lac,A,uta,,,5,1,1,0,1,0,0,0,0-2,1-2
20141018,4501,NA,"Cunningham, Jared",,11.4,N/A,lac,H,den,,,8,10,2,0,0,0,1,1,1-2,7-9
20141021,4501,NA,"Cunningham, Jared",1,27.1,N/A,lac,A,gsw,,,39,23,3,3,1,0,6,2,6-15,9-12
20141022,4501,NA,"Cunningham, Jared",,8.4,N/A,lac,H,pho,,,18,3,2,2,1,0,2,1,1-4,0-2
20141024,4501,NA,"Cunningham, Jared",,15.9,N/A,lac,H,por,,,18,12,2,1,1,0,2,2,4-9,2-4
20141102,4501,SG,"Cunningham, Jared",,2.7,"$3,500",lac,H,sac,92,98,11,0,1,1,0,0,0,0,0-2,0-0
20141105,4501,SG,"Cunningham, Jared",,6.5,"$3,500",lac,A,gsw,104,121,10,5,0,1,0,0,0,0,2-3,1-2
20141110,4501,SG,"Cunningham, Jared",,2,"$3,500",lac,H,sas,85,89,0,0,0,0,1,0,0,0,0-1,0-0
20141115,4501,SG,"Cunningham, Jared",,0,"$3,500",lac,H,pho,120,107,2,0,0,0,0,0,0,0,0-0,0-0
20141117,4501,SG,"Cunningham, Jared",,0,"$3,500",lac,H,chi,89,105,1,0,0,0,0,0,0,0,0-0,0-0
20141119,4501,SG,"Cunningham, Jared",,2,"$3,500",lac,A,orl,114,90,5,2,0,0,0,0,0,0,1-2,0-0
20141120,4501,SG,"Cunningham, Jared",,1,"$3,500",lac,A,mia,110,93,4,2,0,0,0,0,1,0,1-5,0-0
20141123,4501,SG,"Cunningham, Jared",,0,"$3,500",lac,A,mem,91,107,3,0,0,0,0,0,0,0,0-1,0-0
20141128,4501,SG,"Cunningham, Jared",,3.2,"$3,500",lac,A,hou,102,85,5,1,1,2,0,0,2,0,0-1,1-4
20141201,4501,SG,"Cunningham, Jared",,15.4,"$3,500",lac,H,min,127,101,12,8,2,2,1,0,0,1,2-4,3-4
20141203,4501,SG,"Cunningham, Jared",,1,"$3,500",lac,H,orl,114,86,6,0,0,2,0,0,2,0,0-1,0-0
20141206,4501,SG,"Cunningham, Jared",,1.5,"$3,500",lac,H,nor,120,100,9,0,0,1,0,0,0,0,0-3,0-0
20141208,4501,SG,"Cunningham, Jared",,5.2,"$3,500",lac,H,pho,121,120,5,4,1,0,0,0,0,1,1-2,1-1
20141212,4501,SG,"Cunningham, Jared",,0.2,"$3,500",lac,A,was,96,104,2,0,1,0,0,0,1,0,0-1,0-0
20141215,4501,SG,"Cunningham, Jared",,3.7,"$3,500",lac,H,det,113,91,2,1,1,1,0,0,0,0,0-0,1-2
20141225,4501,SG,"Cunningham, Jared",,2,"$3,500",lac,H,gsw,100,86,1,2,0,0,0,0,0,0,1-1,0-0
20141227,4501,SG,"Cunningham, Jared",,5,"$3,500",lac,H,tor,98,110,2,5,0,0,0,0,0,1,2-3,0-0
20141231,4501,SG,"Cunningham, Jared",,2.2,"$3,500",lac,H,nyk,99,78,4,2,1,0,0,0,1,0,1-1,0-0
20150103,4501,SG,"Cunningham, Jared",,6.2,"$3,500",lac,H,phi,127,91,6,3,1,0,1,0,0,1,1-2,0-0
