Date,GID,Pos,Name,Starter,FD Pts,FD Salary,Team,H/A,Oppt,Team Score,Oppt Score,Minutes,Points,Rebounds,Assists,Steals,Blocks,Turnovers,ThreePointers,FieldGoals,FreeThrows
20141011,4731,NA,"Dawkins, Andre",,7.2,N/A,mia,H,cle,,,11,6,1,0,0,0,0,2,2-4,0-0
20141018,4731,NA,"Dawkins, Andre",,20.4,N/A,mia,A,sas,,,27,16,2,0,2,0,2,3,5-8,3-4
20141024,4731,NA,"Dawkins, Andre",,10.5,N/A,mia,A,mem,,,12,9,0,1,0,0,0,2,2-5,3-3
20141101,4731,SG,"Dawkins, Andre",,-1,"$3,500",mia,A,phi,114,96,2,0,0,0,0,0,1,0,0-0,0-0
20141104,4731,SG,"Dawkins, Andre",,0,"$3,500",mia,H,hou,91,108,2,0,0,0,0,0,0,0,0-1,0-0
20141117,4731,SG,"Dawkins, Andre",,4.2,"$3,500",mia,A,bkn,95,83,9,3,1,0,0,0,0,1,1-2,0-0
20150103,4731,SG,"Dawkins, Andre",,2.7,"$3,500",mia,A,hou,79,115,9,0,1,1,0,0,0,0,0-3,0-0
