Date,GID,Pos,Name,Starter,FD Pts,FD Salary,Team,H/A,Oppt,Team Score,Oppt Score,Minutes,Points,Rebounds,Assists,Steals,Blocks,Turnovers,ThreePointers,FieldGoals,FreeThrows
20141005,4610,NA,"Dellavedova, Matthew",,8,N/A,cle,H,MTV,,,16,4,0,2,1,0,1,0,2-4,0-0
20141011,4610,NA,"Dellavedova, Matthew",1,14.2,N/A,cle,A,mia,,,33,3,6,4,1,0,4,1,1-3,0-0
20141014,4610,NA,"Dellavedova, Matthew",1,18.5,N/A,cle,H,mil,,,31,2,5,9,0,0,3,0,1-3,0-0
20141015,4610,NA,"Dellavedova, Matthew",1,25.4,N/A,cle,H,ind,,,30,14,2,4,2,0,1,2,6-9,0-0
20141017,4610,NA,"Dellavedova, Matthew",,11.3,N/A,cle,H,dal,,,31,3,4,3,0,0,1,1,1-7,0-0
20141020,4610,NA,"Dellavedova, Matthew",,12.2,N/A,cle,H,chi,,,23,5,1,4,0,0,0,1,2-4,0-0
20141022,4610,NA,"Dellavedova, Matthew",,5.2,N/A,cle,A,mem,,,12,0,1,4,0,0,2,0,0-0,0-0
20141030,4610,PG,"Dellavedova, Matthew",,10.5,"$3,500",cle,H,nyk,90,95,18,6,0,3,0,0,0,2,2-3,0-0
20141031,4610,PG,"Dellavedova, Matthew",,9.2,"$3,500",cle,A,chi,114,108,30,0,1,4,0,1,0,0,0-3,0-0
20141104,4610,PG,"Dellavedova, Matthew",,4.4,"$3,500",cle,A,por,82,101,11,2,2,0,0,0,0,0,1-4,0-0
20141208,4610,PG,"Dellavedova, Matthew",,9.1,"$3,500",cle,A,bkn,110,88,16,2,3,3,0,1,3,0,1-4,0-0
20141209,4610,PG,"Dellavedova, Matthew",,17.1,"$3,500",cle,H,tor,105,101,21,6,3,5,0,0,0,2,2-4,0-0
20141211,4610,PG,"Dellavedova, Matthew",1,25,"$3,500",cle,A,okc,94,103,34,14,5,4,1,0,3,4,5-8,0-0
20141212,4610,PG,"Dellavedova, Matthew",,11.5,"$3,500",cle,A,nor,114,119,24,0,5,3,1,0,1,0,0-5,0-0
20141215,4610,PG,"Dellavedova, Matthew",,1.2,"$3,900",cle,H,cha,97,88,12,0,1,0,0,0,0,0,0-2,0-0
20141217,4610,PG,"Dellavedova, Matthew",,7,"$3,800",cle,H,atl,98,127,21,6,0,2,0,0,2,2,2-7,0-0
20141219,4610,PG,"Dellavedova, Matthew",,8.7,"$3,500",cle,H,bkn,95,91,13,2,1,3,1,0,1,0,1-1,0-0
20141221,4610,NA,"Dellavedova, Matthew",,7.4,N/A,cle,H,mem,105,91,14,2,2,2,0,0,0,0,1-2,0-0
20141223,4610,PG,"Dellavedova, Matthew",,9.7,"$3,500",cle,H,min,125,104,13,3,1,3,1,0,1,1,1-5,0-0
20141225,4610,PG,"Dellavedova, Matthew",,4.6,"$3,500",cle,A,mia,91,101,15,0,3,0,1,0,1,0,0-2,0-0
20141226,4610,PG,"Dellavedova, Matthew",1,12.7,"$3,500",cle,A,orl,98,89,36,8,1,3,1,0,3,2,2-7,2-2
20141228,4610,NA,"Dellavedova, Matthew",1,10,N/A,cle,H,det,80,103,26,3,0,6,0,0,2,1,1-5,0-0
20141230,4610,PG,"Dellavedova, Matthew",1,8,"$3,500",cle,A,atl,101,109,21,6,0,2,0,0,1,2,2-6,0-0
20141231,4610,PG,"Dellavedova, Matthew",1,20.8,"$3,500",cle,H,mil,80,96,30,11,4,4,0,0,1,3,3-8,2-2
20150102,4610,PG,"Dellavedova, Matthew",1,17.4,"$3,600",cle,A,cha,91,87,34,3,7,4,0,0,0,1,1-4,0-0
20150104,4610,PG,"Dellavedova, Matthew",1,21.1,"$3,600",cle,H,dal,90,109,32,10,3,7,0,0,3,2,4-10,0-0
20150105,4610,PG,"Dellavedova, Matthew",1,17.4,"$3,600",cle,A,phi,92,95,39,3,2,8,1,0,2,1,1-7,0-2
20150107,4610,PG,"Dellavedova, Matthew",1,16.7,"$3,700",cle,H,hou,93,105,35,9,1,5,0,0,1,2,3-8,1-2
20150109,4610,PG,"Dellavedova, Matthew",,5.7,"$3,700",cle,A,gsw,94,112,15,5,1,1,0,0,2,1,2-4,0-0
20150111,4610,PG,"Dellavedova, Matthew",,14.9,"$3,500",cle,A,sac,84,103,24,6,2,5,0,0,1,2,2-5,0-0
20150113,4610,PG,"Dellavedova, Matthew",,1.5,"$3,500",cle,A,pho,100,107,5,0,0,1,0,0,0,0,0-1,0-0
20150115,4610,PG,"Dellavedova, Matthew",,9.5,"$3,500",cle,A,lal,109,102,11,6,0,1,1,0,0,1,2-2,1-2
20150116,4610,PG,"Dellavedova, Matthew",,15.9,"$3,500",cle,A,lac,126,121,23,8,2,5,0,0,2,1,2-5,3-4
20150119,4610,PG,"Dellavedova, Matthew",,3,"$3,500",cle,H,chi,108,94,13,3,0,0,0,0,0,0,1-1,1-2
20150121,4610,PG,"Dellavedova, Matthew",,12.2,"$3,500",cle,H,uta,106,92,16,2,1,6,0,0,0,0,1-3,0-0
20150123,4610,PG,"Dellavedova, Matthew",,22.6,"$3,500",cle,H,cha,129,90,20,5,3,8,1,0,0,0,2-5,1-2
20150125,4610,PG,"Dellavedova, Matthew",,4.5,"$3,500",cle,H,okc,108,98,12,3,0,1,0,0,0,1,1-2,0-0
20150127,4610,PG,"Dellavedova, Matthew",,6,"$3,500",cle,A,det,103,95,13,0,5,0,0,0,0,0,0-1,0-0
20150128,4610,PG,"Dellavedova, Matthew",,7.1,"$3,500",cle,H,por,99,94,20,0,3,3,0,0,1,0,0-1,0-0
20150130,4610,PG,"Dellavedova, Matthew",,3.2,"$3,500",cle,H,sac,101,90,16,2,1,0,0,0,0,0,1-4,0-0
20150131,4610,PG,"Dellavedova, Matthew",,14.7,"$3,500",cle,A,min,106,90,20,10,1,1,1,0,0,2,3-5,2-2
20150202,4610,PG,"Dellavedova, Matthew",,16.2,"$3,500",cle,H,phi,97,84,22,12,1,2,1,0,2,3,4-7,1-2
20150205,4610,PG,"Dellavedova, Matthew",,7.5,"$3,500",cle,H,lac,105,94,20,4,0,1,2,0,2,0,1-2,2-2
20150206,4610,PG,"Dellavedova, Matthew",,4.2,"$3,500",cle,A,ind,99,103,16,0,1,2,0,0,0,0,0-3,0-0
20150208,4610,PG,"Dellavedova, Matthew",,2,"$3,500",cle,H,lal,120,105,16,3,0,0,0,0,1,1,1-2,0-0
20150211,4610,PG,"Dellavedova, Matthew",,11.9,"$3,500",cle,H,mia,113,93,16,2,2,5,0,0,0,0,1-2,0-0
20150212,4610,NA,"Dellavedova, Matthew",,7.4,N/A,cle,A,chi,98,113,16,2,2,2,0,0,0,0,1-4,0-0
20150220,4610,PG,"Dellavedova, Matthew",,16.9,"$3,500",cle,A,was,127,89,23,8,2,5,0,0,1,1,3-6,1-2
20150222,4610,PG,"Dellavedova, Matthew",,9.7,"$3,500",cle,A,nyk,101,83,21,8,1,1,0,0,1,2,3-7,0-0
20150224,4610,PG,"Dellavedova, Matthew",,7.8,"$3,500",cle,A,det,102,93,16,3,4,0,0,0,0,1,1-3,0-0
20150226,4610,PG,"Dellavedova, Matthew",,3.5,"$3,500",cle,H,gsw,110,99,10,2,0,1,0,0,0,0,1-2,0-0
20150227,4610,PG,"Dellavedova, Matthew",1,29.5,"$3,500",cle,A,ind,86,93,38,14,10,5,0,0,4,2,5-18,2-2
20150301,4610,PG,"Dellavedova, Matthew",1,14.6,"$3,800",cle,A,hou,103,105,42,3,3,4,2,0,2,1,1-4,0-0
20150303,4610,PG,"Dellavedova, Matthew",,18.5,"$3,800",cle,H,bos,110,79,25,0,5,7,1,0,0,0,0-6,0-0
20150304,4610,PG,"Dellavedova, Matthew",,2,"$3,800",cle,A,tor,120,112,9,2,0,0,0,0,0,0,1-2,0-0
20150306,4610,PG,"Dellavedova, Matthew",,10.1,"$3,500",cle,A,atl,97,106,15,5,3,1,0,0,0,1,1-4,2-2
20150307,4610,PG,"Dellavedova, Matthew",,12.4,"$3,500",cle,H,pho,89,79,25,7,2,2,0,0,0,1,3-7,0-0
20150310,4610,PG,"Dellavedova, Matthew",,5.9,"$3,500",cle,A,dal,127,94,15,2,2,1,0,0,0,0,0-2,2-2
20150312,4610,PG,"Dellavedova, Matthew",,3.5,"$3,500",cle,A,sas,128,125,11,0,0,1,1,0,0,0,0-0,0-0
20150315,4610,PG,"Dellavedova, Matthew",,4.5,"$3,500",cle,A,orl,123,108,14,6,0,1,0,0,3,2,2-5,0-0
20150316,4610,PG,"Dellavedova, Matthew",,10.2,"$3,500",cle,A,mia,92,106,16,2,1,2,2,0,0,0,0-3,2-2
20150318,4610,PG,"Dellavedova, Matthew",,14.7,"$3,500",cle,H,bkn,117,92,26,8,1,5,0,0,2,2,3-5,0-0
20150320,4610,PG,"Dellavedova, Matthew",,19.7,"$3,500",cle,H,ind,95,92,17,11,1,5,0,0,0,3,4-6,0-0
20150322,4610,PG,"Dellavedova, Matthew",,12.8,"$3,600",cle,A,mil,108,90,17,5,4,2,0,0,0,1,2-5,0-0
20150325,4610,PG,"Dellavedova, Matthew",,15,"$3,500",cle,A,mem,111,89,17,9,0,4,0,0,0,3,3-5,0-0
20150327,4610,PG,"Dellavedova, Matthew",,2.7,"$3,500",cle,A,bkn,98,99,10,0,1,1,0,0,0,0,0-1,0-0
20150329,4610,PG,"Dellavedova, Matthew",,6.6,"$3,500",cle,H,phi,87,86,20,0,3,2,0,0,0,0,0-2,0-0
20150402,4610,PG,"Dellavedova, Matthew",,23.2,"$3,500",cle,H,mia,114,88,23,14,1,4,2,0,2,4,4-7,2-2
20150405,4610,NA,"Dellavedova, Matthew",,2,N/A,cle,H,chi,99,94,13,2,0,0,0,0,0,0,1-2,0-0
20150408,4610,PG,"Dellavedova, Matthew",,6.9,"$3,600",cle,A,mil,104,99,12,3,2,1,0,0,0,1,1-5,0-0
20150410,4610,PG,"Dellavedova, Matthew",1,23.6,"$3,500",cle,H,bos,90,99,41,9,3,8,1,0,3,1,4-8,0-0
20150412,4610,PG,"Dellavedova, Matthew",1,18.9,"$3,700",cle,A,bos,78,117,32,7,2,9,0,0,4,1,3-12,0-0
20150413,4610,PG,"Dellavedova, Matthew",,11.9,"$3,700",cle,H,det,109,97,31,2,2,5,0,0,0,0,1-5,0-0
20150415,4610,PG,"Dellavedova, Matthew",,40.6,"$3,700",cle,H,was,113,108,33,18,3,12,2,0,3,4,6-11,2-2
20150419,4610,PG,"Dellavedova, Matthew",,4.5,"$3,700",cle,H,bos,113,100,9,2,0,3,0,0,2,0,1-1,0-0
20150421,4610,PG,"Dellavedova, Matthew",,5,"$3,900",cle,H,bos,99,91,9,5,0,0,0,0,0,1,1-1,2-2
20150423,4610,PG,"Dellavedova, Matthew",,4.1,"$3,700",cle,A,bos,103,95,10,0,3,1,0,0,1,0,0-3,0-0
20150426,4610,PG,"Dellavedova, Matthew",,5.7,"$3,500",cle,A,bos,101,93,15,3,1,1,0,0,0,1,1-6,0-2
20150504,4610,PG,"Dellavedova, Matthew",,7.7,"$2,500",cle,H,chi,92,99,19,5,1,1,0,0,0,1,2-5,0-0
20150506,4610,PG,"Dellavedova, Matthew",,21.7,"$2,500",cle,H,chi,106,91,36,9,1,9,0,0,2,2,3-8,1-2
20150508,4610,PG,"Dellavedova, Matthew",,17.4,"$2,500",cle,A,chi,96,99,16,10,2,4,0,0,1,2,3-4,2-2
20150510,4610,PG,"Dellavedova, Matthew",,7.9,"$2,700",cle,A,chi,86,84,17,2,2,3,0,0,1,0,1-3,0-0
20150512,4610,PG,"Dellavedova, Matthew",,9,"$3,100",cle,H,chi,106,101,18,5,0,4,0,0,2,1,1-1,2-2
20150514,4610,PG,"Dellavedova, Matthew",,19.9,"$3,400",cle,A,chi,94,73,34,19,2,1,0,0,3,3,7-11,2-2
20150520,4610,PG,"Dellavedova, Matthew",,7.9,"$3,500",cle,A,atl,97,89,25,0,2,3,1,0,1,0,0-6,0-0
20150522,4610,PG,"Dellavedova, Matthew",1,23.2,"$3,400",cle,A,atl,94,82,37,11,6,4,1,0,3,2,4-13,1-2
20150524,4610,PG,"Dellavedova, Matthew",1,19.6,"$3,400",cle,H,atl,114,111,45,17,3,2,0,0,4,4,5-15,3-4
20150526,4610,PG,"Dellavedova, Matthew",,13.9,"$3,700",cle,H,atl,118,88,17,10,2,1,0,0,0,1,3-6,3-3
20150604,4610,NA,"Dellavedova, Matthew",,5.7,N/A,cle,A,gsw,100,108,9,0,1,3,0,0,0,0,0-0,0-0
20150607,4610,NA,"Dellavedova, Matthew",1,16.5,N/A,cle,A,gsw,95,93,42,9,5,1,3,0,6,1,3-10,2-2
20150609,4610,NA,"Dellavedova, Matthew",1,30,N/A,cle,H,gsw,96,91,39,20,5,4,0,0,2,2,7-17,4-5
20150611,4610,NA,"Dellavedova, Matthew",1,16.2,N/A,cle,H,gsw,82,103,33,10,1,4,1,0,3,2,3-14,2-2
20150614,4610,NA,"Dellavedova, Matthew",1,12,N/A,cle,A,gsw,91,104,42,5,0,2,3,0,2,1,2-9,0-0
20150616,4610,NA,"Dellavedova, Matthew",1,6.8,N/A,cle,H,gsw,97,105,25,1,4,2,0,0,2,0,0-3,1-2
