Date,GID,Pos,Name,Starter,FD Pts,FD Salary,Team,H/A,Oppt,Team Score,Oppt Score,Minutes,Points,Rebounds,Assists,Steals,Blocks,Turnovers,ThreePointers,FieldGoals,FreeThrows
20150207,4178,PG,"Douglas, Toney",,12.7,"$3,500",nor,H,chi,72,107,16,5,1,3,2,0,2,1,2-6,0-0
20150209,4178,PG,"Douglas, Toney",,22,"$3,500",nor,H,uta,96,100,25,8,5,2,1,2,1,1,2-7,3-4
20150211,4178,PG,"Douglas, Toney",,25.7,"$3,500",nor,H,ind,93,106,25,14,1,7,1,0,2,1,5-9,3-6
20150327,4178,PG,"Douglas, Toney",,13.7,"$3,500",nor,H,sac,102,88,13,5,1,5,0,0,0,1,2-4,0-0
20150329,4178,PG,"Douglas, Toney",,14.7,"$3,500",nor,H,min,110,88,16,3,1,3,3,0,0,1,1-4,0-0
20150401,4178,PG,"Douglas, Toney",,14.4,"$3,500",nor,A,lal,113,92,18,2,7,2,1,0,1,0,1-3,0-1
20150403,4178,PG,"Douglas, Toney",,4.4,"$3,500",nor,A,sac,101,95,10,0,2,0,0,1,0,0,0-2,0-0
20150404,4178,PG,"Douglas, Toney",,3.2,"$3,500",nor,A,por,90,99,9,2,1,0,1,0,2,0,1-1,0-0
20150407,4178,PG,"Douglas, Toney",,6.4,"$3,500",nor,H,gsw,103,100,11,0,2,0,1,1,0,0,0-2,0-0
20150408,4178,PG,"Douglas, Toney",,9.7,"$3,500",nor,A,mem,74,110,17,8,1,1,0,0,1,0,3-8,2-2
20150410,4178,PG,"Douglas, Toney",,0,"$3,500",nor,H,pho,90,75,1,0,0,0,0,0,0,0,0-0,0-0
20150413,4178,PG,"Douglas, Toney",,6.5,"$3,500",nor,A,min,100,88,16,4,0,1,1,0,1,0,2-5,0-0
