Date,GID,Pos,Name,Starter,FD Pts,FD Salary,Team,H/A,Oppt,Team Score,Oppt Score,Minutes,Points,Rebounds,Assists,Steals,Blocks,Turnovers,ThreePointers,FieldGoals,FreeThrows
20141007,4091,NA,"Douglas-Roberts, Chris",,7.2,N/A,lac,H,gsw,,,17,2,1,2,1,0,1,0,0-3,2-2
20141013,4091,NA,"Douglas-Roberts, Chris",1,10.3,N/A,lac,A,uta,,,31,4,4,1,1,0,2,0,1-5,2-3
20141017,4091,NA,"Douglas-Roberts, Chris",1,10.7,N/A,lac,H,uta,,,24,10,1,1,0,0,2,2,4-7,0-0
20141021,4091,NA,"Douglas-Roberts, Chris",,15.9,N/A,lac,A,gsw,,,20,6,2,1,4,0,2,0,1-3,4-4
20141022,4091,NA,"Douglas-Roberts, Chris",,2,N/A,lac,H,pho,,,24,3,0,0,0,0,1,0,1-2,1-2
20141024,4091,NA,"Douglas-Roberts, Chris",,1.5,N/A,lac,H,por,,,15,2,0,1,0,0,2,0,1-2,0-0
20141030,4091,SF,"Douglas-Roberts, Chris",,7.1,"$3,600",lac,H,okc,93,90,12,2,3,1,0,0,0,0,0-4,2-2
20141031,4091,SF,"Douglas-Roberts, Chris",,2.4,"$3,600",lac,A,lal,118,111,14,0,2,0,0,0,0,0,0-3,0-0
20141102,4091,SF,"Douglas-Roberts, Chris",,3.2,"$3,500",lac,H,sac,92,98,15,2,1,0,0,0,0,0,0-2,2-2
20141105,4091,SF,"Douglas-Roberts, Chris",,5.2,"$3,500",lac,A,gsw,104,121,4,4,1,0,0,0,0,0,1-2,2-2
20141213,4091,SF,"Douglas-Roberts, Chris",,1.2,"$3,500",lac,A,mil,106,111,6,0,1,0,0,0,0,0,0-1,0-0
20141215,4091,SF,"Douglas-Roberts, Chris",,14.1,"$3,500",lac,H,det,113,91,23,9,3,1,0,0,0,1,3-5,2-2
20141217,4091,SF,"Douglas-Roberts, Chris",,0,"$3,500",lac,H,ind,102,100,10,0,0,0,0,0,0,0,0-1,0-0
20141219,4091,SF,"Douglas-Roberts, Chris",,5.2,"$3,500",lac,A,den,106,109,11,2,1,0,1,0,0,0,1-3,0-0
20141227,4091,SF,"Douglas-Roberts, Chris",,0,"$3,500",lac,H,tor,98,110,2,0,0,0,0,0,0,0,0-0,0-0
20150105,4091,SF,"Douglas-Roberts, Chris",,1.5,"$3,500",lac,H,atl,98,107,2,0,0,1,0,0,0,0,0-0,0-0
20150110,4091,SF,"Douglas-Roberts, Chris",,1.5,"$3,500",lac,H,dal,120,100,3,0,0,1,0,0,0,0,0-0,0-0
20150111,4091,SF,"Douglas-Roberts, Chris",,0,"$3,500",lac,H,mia,90,104,1,0,0,0,0,0,0,0,0-0,0-0
