Date,GID,Pos,Name,Starter,FD Pts,FD Salary,Team,H/A,Oppt,Team Score,Oppt Score,Minutes,Points,Rebounds,Assists,Steals,Blocks,Turnovers,ThreePointers,FieldGoals,FreeThrows
20141005,4344,NA,"Edwards, Shane",,4.1,N/A,cle,H,MTV,,,6,0,3,1,0,0,1,0,0-0,0-0
20141011,4344,NA,"Edwards, Shane",,5,N/A,cle,A,mia,,,9,3,0,0,1,0,0,0,1-3,1-1
20141014,4344,NA,"Edwards, Shane",,4.4,N/A,cle,H,mil,,,9,2,2,0,0,0,0,0,1-4,0-0
20141017,4344,NA,"Edwards, Shane",,2.4,N/A,cle,H,dal,,,6,0,2,0,0,0,0,0,0-1,0-0
20141022,4344,NA,"Edwards, Shane",,12.2,N/A,cle,A,mem,,,12,4,6,0,0,1,1,0,2-3,0-0
