Date,GID,Pos,Name,Starter,FD Pts,FD Salary,Team,H/A,Oppt,Team Score,Oppt Score,Minutes,Points,Rebounds,Assists,Steals,Blocks,Turnovers,ThreePointers,FieldGoals,FreeThrows
20141008,4717,NA,"Frazier, Tim",,2.5,N/A,bos,H,nyk,,,4,0,0,1,2,0,3,0,0-0,0-0
20141011,4717,NA,"Frazier, Tim",,2.5,N/A,bos,H,nyk,,,6,1,0,1,0,0,0,0,0-0,1-2
20141022,4717,NA,"Frazier, Tim",,6.4,N/A,bos,H,bkn,,,11,2,2,2,0,0,1,0,1-2,0-0
20150206,4717,NA,"Frazier, Tim",,29.5,N/A,phi,A,bos,96,107,35,5,5,11,2,0,2,0,2-9,1-5
20150207,4717,PG,"Frazier, Tim",1,13.6,"$3,500",phi,H,cha,89,81,37,0,3,8,1,0,4,0,0-7,0-0
20150209,4717,PG,"Frazier, Tim",1,20.7,"$3,500",phi,H,gsw,84,89,36,10,6,7,0,0,7,1,4-11,1-2
20150220,4717,PG,"Frazier, Tim",1,25.1,"$3,600",phi,H,ind,95,106,33,13,3,7,1,0,4,2,5-9,1-3
20150222,4717,PG,"Frazier, Tim",,18.4,"$3,800",phi,A,orl,98,103,20,6,2,6,1,0,1,0,2-6,2-3
20150223,4717,PG,"Frazier, Tim",,8,"$3,600",phi,A,mia,108,119,12,0,0,4,1,0,0,0,0-1,0-2
20150403,4717,NA,"Frazier, Tim",,6.2,N/A,por,A,lal,107,77,5,2,1,0,2,0,1,0,1-1,0-0
20150406,4717,NA,"Frazier, Tim",,2,N/A,por,A,bkn,96,106,1,2,0,0,0,0,0,0,1-1,0-0
20150408,4717,NA,"Frazier, Tim",,3,N/A,por,H,min,116,91,5,3,0,0,0,0,0,0,1-2,1-2
20150413,4717,NA,"Frazier, Tim",,17.3,N/A,por,A,okc,90,101,27,3,4,7,0,0,1,1,1-8,0-0
20150415,4717,NA,"Frazier, Tim",,27.8,N/A,por,A,dal,98,114,30,13,4,10,0,0,5,1,4-6,4-4
20150419,4717,NA,"Frazier, Tim",,-1,N/A,por,A,mem,86,100,3,0,0,0,0,0,1,0,0-1,0-0
