Date,GID,Pos,Name,Starter,FD Pts,FD Salary,Team,H/A,Oppt,Team Score,Oppt Score,Minutes,Points,Rebounds,Assists,Steals,Blocks,Turnovers,ThreePointers,FieldGoals,FreeThrows
20141009,3751,NA,"Garcia, Francisco",,5.7,N/A,hou,H,mem,,,7,1,1,1,1,0,0,0,0-3,1-1
20141013,3751,NA,"Garcia, Francisco",,11.9,N/A,hou,H,pho,,,9,2,2,1,1,2,0,0,0-3,2-3
20141106,3751,SF,"Garcia, Francisco",,4.2,"$3,500",hou,H,sas,98,81,9,1,1,0,0,1,0,0,0-2,1-2
20141108,3751,SF,"Garcia, Francisco",,6,"$3,500",hou,H,gsw,87,98,10,3,0,0,2,0,1,1,1-2,0-0
20141114,3751,SF,"Garcia, Francisco",,2,"$3,500",hou,H,phi,88,87,13,0,0,0,2,0,2,0,0-5,0-0
20141116,3751,SF,"Garcia, Francisco",,11.2,"$3,500",hou,A,okc,69,65,13,6,1,0,1,1,0,2,2-7,0-1
20141117,3751,SF,"Garcia, Francisco",,0,"$3,500",hou,A,mem,93,119,1,0,0,0,0,0,0,0,0-0,0-0
20141119,3751,SF,"Garcia, Francisco",,7.7,"$3,500",hou,H,lal,92,98,11,3,1,1,1,1,2,1,1-4,0-0
20141122,3751,SF,"Garcia, Francisco",,4.7,"$3,500",hou,H,dal,95,92,15,2,1,1,0,0,0,0,1-6,0-0
20141124,3751,SF,"Garcia, Francisco",,15.1,"$3,500",hou,H,nyk,91,86,23,5,3,3,1,0,0,1,2-4,0-0
20141126,3751,SF,"Garcia, Francisco",,12.6,"$3,500",hou,H,sac,102,89,16,4,3,2,1,0,0,0,2-7,0-1
20141128,3751,SF,"Garcia, Francisco",,9.2,"$3,500",hou,H,lac,85,102,20,8,1,0,0,0,0,2,3-8,0-0
20141129,3751,SF,"Garcia, Francisco",,6.9,"$3,500",hou,A,mil,117,103,18,2,2,1,0,1,1,0,1-7,0-0
20141203,3751,SF,"Garcia, Francisco",,15.2,"$3,500",hou,H,mem,105,96,21,6,1,4,0,1,0,2,2-4,0-0
20141205,3751,SF,"Garcia, Francisco",,6.5,"$3,500",hou,A,min,114,112,22,5,0,3,0,0,3,1,2-6,0-0
20141206,3751,SF,"Garcia, Francisco",,4.6,"$3,500",hou,H,pho,100,95,9,0,3,0,1,0,1,0,0-1,0-0
