Date,GID,Pos,Name,Starter,FD Pts,FD Salary,Team,H/A,Oppt,Team Score,Oppt Score,Minutes,Points,Rebounds,Assists,Steals,Blocks,Turnovers,ThreePointers,FieldGoals,FreeThrows
20150405,4283,SF,"George, Paul",,19.4,"$5,500",ind,H,mia,112,89,15,13,2,2,2,0,3,3,5-12,0-0
20150408,4283,SF,"George, Paul",,15.6,"$5,500",ind,A,nyk,102,86,16,10,3,0,2,0,2,1,2-7,5-6
20150410,4283,SF,"George, Paul",,15.8,"$5,400",ind,A,det,107,103,14,10,4,2,0,0,2,2,3-6,2-2
20150412,4283,SF,"George, Paul",,15.7,"$5,300",ind,H,okc,116,104,14,8,6,1,0,0,1,1,3-9,1-2
20150414,4283,SF,"George, Paul",,15.6,"$5,200",ind,H,was,99,95,18,10,3,0,1,1,2,2,4-10,0-1
20150415,4283,SF,"George, Paul",,6.3,"$5,200",ind,A,mem,83,95,15,2,4,1,0,0,2,0,1-5,0-0
