Date,GID,Pos,Name,Starter,FD Pts,FD Salary,Team,H/A,Oppt,Team Score,Oppt Score,Minutes,Points,Rebounds,Assists,Steals,Blocks,Turnovers,ThreePointers,FieldGoals,FreeThrows
20141005,4457,NA,"Hamilton, Jordan",,6.5,N/A,tor,H,sac,,,9,5,0,1,0,0,0,1,2-2,0-0
20141007,4457,NA,"Hamilton, Jordan",,14.7,N/A,tor,A,sac,,,20,12,1,1,0,0,0,0,6-10,0-0
20141013,4457,NA,"Hamilton, Jordan",,18,N/A,tor,A,nyk,,,16,6,5,2,2,0,1,1,1-3,3-4
20141015,4457,NA,"Hamilton, Jordan",,26.9,N/A,tor,A,bos,,,21,16,2,3,3,0,2,2,6-8,2-2
20141017,4457,NA,"Hamilton, Jordan",,18.8,N/A,tor,A,okc,,,23,13,4,2,1,0,4,1,5-9,2-3
20141022,4457,NA,"Hamilton, Jordan",,13.2,N/A,tor,H,MCH,,,21,5,6,2,0,0,2,1,2-5,0-0
20150302,4457,NA,"Hamilton, Jordan",1,15.1,N/A,lac,A,min,110,105,26,10,3,1,0,0,0,2,4-10,0-0
20150304,4457,NA,"Hamilton, Jordan",1,6.6,N/A,lac,H,por,93,98,18,3,3,0,0,0,0,1,1-3,0-0
20150308,4457,SF,"Hamilton, Jordan",,0.9,"$3,500",lac,A,gsw,98,106,9,0,2,1,0,0,3,0,0-1,0-0
20150309,4457,SF,"Hamilton, Jordan",,0,"$3,500",lac,H,min,89,76,3,0,0,0,0,0,0,0,0-0,0-0
20150313,4457,SF,"Hamilton, Jordan",,12.2,"$3,500",lac,A,dal,99,129,7,11,1,0,0,0,0,3,4-7,0-0
20150315,4457,SF,"Hamilton, Jordan",,10.4,"$3,500",lac,H,hou,98,100,11,8,2,0,0,0,0,2,3-5,0-0
20150320,4457,SF,"Hamilton, Jordan",,0,"$3,500",lac,H,was,113,99,2,0,0,0,0,0,0,0,0-0,0-0
20150325,4457,SF,"Hamilton, Jordan",,12.1,"$3,500",lac,A,nyk,111,80,20,3,3,3,1,0,1,1,1-4,0-0
20150327,4457,SF,"Hamilton, Jordan",,3,"$3,500",lac,A,phi,119,98,11,0,0,2,0,0,0,0,0-1,0-0
20150404,4457,SF,"Hamilton, Jordan",,1.2,"$3,500",lac,A,den,107,92,3,0,1,0,0,0,0,0,0-1,0-0
20150405,4457,SF,"Hamilton, Jordan",,4.2,"$3,500",lac,A,lal,106,78,6,3,1,0,0,0,0,1,1-3,0-0
20150414,4457,SF,"Hamilton, Jordan",,2,"$3,500",lac,A,pho,112,101,4,0,0,0,1,0,0,0,0-0,0-0
