Date,GID,Pos,Name,Starter,FD Pts,FD Salary,Team,H/A,Oppt,Team Score,Oppt Score,Minutes,Points,Rebounds,Assists,Steals,Blocks,Turnovers,ThreePointers,FieldGoals,FreeThrows
20141028,4287,SG,"Henry, Xavier",,6.2,"$3,500",lal,H,hou,90,108,18,3,1,0,1,0,0,0,0-4,3-4
20141031,4287,SG,"Henry, Xavier",,2,"$3,500",lal,H,lac,111,118,5,2,0,0,0,0,0,0,0-0,2-4
20141101,4287,SG,"Henry, Xavier",,0,"$3,500",lal,A,gsw,104,127,9,0,0,0,0,0,0,0,0-0,0-0
20141109,4287,SG,"Henry, Xavier",,1,"$3,500",lal,H,cha,107,92,7,0,0,0,1,0,1,0,0-2,0-0
20141111,4287,SG,"Henry, Xavier",,1,"$3,500",lal,A,mem,102,107,6,2,0,0,0,0,1,0,1-2,0-0
20141112,4287,SG,"Henry, Xavier",,5.5,"$3,500",lal,A,nor,102,109,10,2,0,1,1,0,0,0,1-2,0-2
20141114,4287,SG,"Henry, Xavier",,1.2,"$3,500",lal,H,sas,80,93,4,0,1,0,0,0,0,0,0-1,0-0
20141116,4287,SG,"Henry, Xavier",,12.4,"$3,500",lal,H,gsw,115,136,12,8,2,2,0,0,1,0,1-1,6-8
20141121,4287,SG,"Henry, Xavier",,3,"$3,500",lal,A,dal,106,140,12,3,0,0,0,0,0,0,0-1,3-6
