Date,GID,Pos,Name,Starter,FD Pts,FD Salary,Team,H/A,Oppt,Team Score,Oppt Score,Minutes,Points,Rebounds,Assists,Steals,Blocks,Turnovers,ThreePointers,FieldGoals,FreeThrows
20150404,4216,PG,"Hudson, Lester",,14.1,"$3,500",lac,A,den,107,92,15,4,3,1,3,0,1,0,1-5,2-2
20150405,4216,PG,"Hudson, Lester",,11.1,"$3,500",lac,A,lal,106,78,18,3,3,1,2,0,1,0,1-3,1-2
20150413,4216,PG,"Hudson, Lester",,0,"$3,500",lac,H,den,110,103,1,0,0,0,0,0,0,0,0-1,0-0
20150414,4216,PG,"Hudson, Lester",,20.9,"$3,500",lac,A,pho,112,101,21,11,2,3,1,1,1,3,4-5,0-0
20150424,4216,PG,"Hudson, Lester",,9.2,"$3,500",lac,A,sas,73,100,8,5,1,2,0,0,0,1,2-3,0-0
20150504,4216,PG,"Hudson, Lester",,1.5,"$3,500",lac,A,hou,117,101,4,0,0,1,0,0,0,0,0-2,0-0
20150506,4216,PG,"Hudson, Lester",,10,"$3,500",lac,A,hou,109,115,11,5,0,2,1,1,2,1,2-3,0-0
20150508,4216,PG,"Hudson, Lester",,3,"$3,500",lac,H,hou,124,99,6,0,0,2,0,0,0,0,0-2,0-0
20150510,4216,PG,"Hudson, Lester",,5,"$3,500",lac,H,hou,128,95,5,4,0,0,1,0,1,0,2-3,0-0
20150512,4216,PG,"Hudson, Lester",,0,"$3,500",lac,A,hou,103,124,4,0,0,0,0,0,0,0,0-1,0-0
