Date,GID,Pos,Name,Starter,FD Pts,FD Salary,Team,H/A,Oppt,Team Score,Oppt Score,Minutes,Points,Rebounds,Assists,Steals,Blocks,Turnovers,ThreePointers,FieldGoals,FreeThrows
20141010,4711,NA,"Jenkins, Michael",,16.1,N/A,okc,A,dal,,,21,7,3,5,1,0,4,2,2-4,1-2
20141014,4711,NA,"Jenkins, Michael",,9.5,N/A,okc,H,mem,,,22,10,0,1,1,0,4,1,3-8,3-3
20141016,4711,NA,"Jenkins, Michael",,11.9,N/A,okc,A,nor,,,21,8,2,1,0,0,0,1,3-8,1-3
20141017,4711,NA,"Jenkins, Michael",,10.6,N/A,okc,H,tor,,,8,8,3,0,0,0,1,2,3-3,0-0
20141019,4711,NA,"Jenkins, Michael",,13.1,N/A,okc,H,min,,,25,7,3,3,0,0,2,2,2-8,1-2
20141021,4711,NA,"Jenkins, Michael",,5.2,N/A,okc,H,uta,,,21,0,1,2,1,0,1,0,0-1,0-0
