Date,GID,Pos,Name,Starter,FD Pts,FD Salary,Team,H/A,Oppt,Team Score,Oppt Score,Minutes,Points,Rebounds,Assists,Steals,Blocks,Turnovers,ThreePointers,FieldGoals,FreeThrows
20141128,4664,PF,"Jerrett, Grant",,4.7,"$3,500",okc,H,nyk,105,78,9,3,1,1,0,0,1,1,1-5,0-0
20141226,4664,PF,"Jerrett, Grant",,4.4,"$3,500",okc,H,cha,98,75,8,0,2,0,0,1,0,0,0-5,0-0
20150102,4664,PF,"Jerrett, Grant",,0,"$3,500",okc,H,was,109,102,0,0,0,0,0,0,0,0,0-0,0-0
20150105,4664,PF,"Jerrett, Grant",,6.2,"$3,500",okc,A,gsw,91,117,7,4,1,0,0,1,1,0,2-6,0-0
20150126,4664,PF,"Jerrett, Grant",,0,"$3,500",okc,H,min,92,84,1,0,0,0,0,0,0,0,0-1,0-0
20150227,4664,PF,"Jerrett, Grant",,0,"$3,500",uta,A,den,104,82,3,0,0,0,0,0,0,0,0-0,0-0
20150413,4664,PF,"Jerrett, Grant",,6.9,"$3,500",uta,H,dal,109,92,11,2,2,1,1,0,1,0,1-3,0-0
20150415,4664,PF,"Jerrett, Grant",,14.1,"$3,500",uta,A,hou,91,117,13,7,3,1,1,0,0,0,3-6,1-1
