Date,GID,Pos,Name,Starter,FD Pts,FD Salary,Team,H/A,Oppt,Team Score,Oppt Score,Minutes,Points,Rebounds,Assists,Steals,Blocks,Turnovers,ThreePointers,FieldGoals,FreeThrows
20141009,3546,NA,"Kapono, Jason",,7.2,N/A,gsw,A,lal,,,10,7,1,0,0,0,1,1,2-3,2-2
20141012,3546,NA,"Kapono, Jason",,3.2,N/A,gsw,A,lal,,,5,3,1,0,0,0,1,0,1-2,1-2
20141016,3546,NA,"Kapono, Jason",,4.5,N/A,gsw,H,den,,,5,3,0,1,0,0,0,1,1-1,0-0
20141019,3546,NA,"Kapono, Jason",,7.2,N/A,gsw,A,hou,,,17,1,6,0,1,0,3,0,0-7,1-1
20141021,3546,NA,"Kapono, Jason",,3.5,N/A,gsw,H,lac,,,6,2,0,1,0,0,0,0,1-2,0-0
