Date,GID,Pos,Name,Starter,FD Pts,FD Salary,Team,H/A,Oppt,Team Score,Oppt Score,Minutes,Points,Rebounds,Assists,Steals,Blocks,Turnovers,ThreePointers,FieldGoals,FreeThrows
20141008,4532,NA,"Kidd-Gilchrist, Michael",1,25.9,N/A,cha,A,phi,,,27,11,7,1,2,1,1,0,3-8,5-6
20141010,4532,NA,"Kidd-Gilchrist, Michael",1,22.8,N/A,cha,H,was,,,30,6,9,4,0,1,2,0,2-7,2-6
20141013,4532,NA,"Kidd-Gilchrist, Michael",1,29.3,N/A,cha,H,orl,,,32,14,4,1,2,3,1,0,4-8,6-7
20141015,4532,NA,"Kidd-Gilchrist, Michael",1,19.9,N/A,cha,H,det,,,24,6,7,1,1,1,0,0,2-8,2-2
20141017,4532,NA,"Kidd-Gilchrist, Michael",1,37.2,N/A,cha,A,was,,,30,12,11,2,4,2,3,0,3-5,6-6
20141019,4532,NA,"Kidd-Gilchrist, Michael",1,25.7,N/A,cha,A,chi,,,24,14,6,3,0,0,0,0,6-11,2-3
20141020,4532,NA,"Kidd-Gilchrist, Michael",1,16.1,N/A,cha,A,atl,,,32,10,3,1,1,0,1,0,5-15,0-0
20141023,4532,NA,"Kidd-Gilchrist, Michael",1,23.9,N/A,cha,H,ind,,,36,13,7,1,1,0,1,0,5-8,3-6
20141029,4532,SF,"Kidd-Gilchrist, Michael",1,36.1,"$3,600",cha,H,mil,108,106,34,17,8,3,0,3,1,0,6-8,5-6
20141101,4532,SF,"Kidd-Gilchrist, Michael",1,25.9,"$4,000",cha,H,mem,69,71,28,11,12,1,0,0,1,0,2-4,7-10
20141102,4532,SF,"Kidd-Gilchrist, Michael",1,13.6,"$4,000",cha,A,nyk,93,96,10,6,3,0,1,1,0,0,3-4,0-2
20141107,4532,SF,"Kidd-Gilchrist, Michael",1,16.8,"$4,900",cha,H,atl,122,119,24,10,4,2,0,1,3,0,4-6,2-3
20141109,4532,SF,"Kidd-Gilchrist, Michael",1,4.7,"$4,800",cha,A,lal,92,107,24,3,1,1,0,0,1,0,1-4,1-2
20141111,4532,SF,"Kidd-Gilchrist, Michael",1,19.5,"$4,900",cha,A,por,100,102,20,12,5,1,0,0,0,0,4-6,4-4
20141210,4532,SF,"Kidd-Gilchrist, Michael",,16.2,"$4,800",cha,H,bos,96,87,19,9,6,0,0,0,0,0,3-6,3-3
20141212,4532,SF,"Kidd-Gilchrist, Michael",,16,"$4,700",cha,A,mem,107,113,19,8,5,0,0,1,0,0,3-5,2-2
20141213,4532,SF,"Kidd-Gilchrist, Michael",,24.5,"$4,700",cha,H,bkn,87,112,28,15,5,1,1,0,0,0,5-13,5-6
20141215,4532,SF,"Kidd-Gilchrist, Michael",1,5.8,"$4,800",cha,A,cle,88,97,21,1,4,0,0,0,0,0,0-4,1-2
20141217,4532,SF,"Kidd-Gilchrist, Michael",1,13.1,"$4,700",cha,H,pho,106,111,27,6,3,1,1,0,0,0,3-8,0-3
20141219,4532,SF,"Kidd-Gilchrist, Michael",1,23.1,"$4,500",cha,A,phi,109,91,31,9,8,1,2,0,1,0,4-9,1-2
20141220,4532,SF,"Kidd-Gilchrist, Michael",1,34.2,"$4,500",cha,H,uta,104,86,33,13,11,2,1,3,3,0,4-8,5-8
20141222,4532,SF,"Kidd-Gilchrist, Michael",1,14.1,"$5,000",cha,H,den,110,82,23,5,3,1,1,1,0,0,2-4,1-2
20141223,4532,SF,"Kidd-Gilchrist, Michael",1,21,"$5,000",cha,A,mil,108,101,27,10,5,2,0,1,0,0,4-10,2-2
20141226,4532,SF,"Kidd-Gilchrist, Michael",1,19.5,"$4,900",cha,A,okc,75,98,19,9,5,1,2,1,3,0,2-6,5-5
20141227,4532,SF,"Kidd-Gilchrist, Michael",1,25.6,"$4,900",cha,H,orl,94,102,35,9,8,2,0,2,0,0,3-8,3-4
20141229,4532,SF,"Kidd-Gilchrist, Michael",1,16.6,"$5,000",cha,H,mil,94,104,26,10,3,2,1,0,2,0,5-10,0-0
20141231,4532,SF,"Kidd-Gilchrist, Michael",1,29.6,"$4,900",cha,A,hou,83,102,28,16,8,2,0,2,3,0,6-15,4-4
20150102,4532,SF,"Kidd-Gilchrist, Michael",1,20.5,"$5,100",cha,H,cle,87,91,29,12,10,1,0,0,5,0,5-11,2-5
20150103,4532,SF,"Kidd-Gilchrist, Michael",1,35.9,"$5,100",cha,A,orl,98,90,36,17,12,3,0,1,2,0,7-13,3-6
20150105,4532,SF,"Kidd-Gilchrist, Michael",1,14.4,"$5,400",cha,A,bos,104,95,18,6,7,2,0,0,3,0,2-4,2-2
20150107,4532,SF,"Kidd-Gilchrist, Michael",1,34.9,"$5,400",cha,H,nor,98,94,36,13,12,3,1,1,1,0,4-10,5-5
20150108,4532,SF,"Kidd-Gilchrist, Michael",1,27.9,"$5,400",cha,A,tor,103,95,30,10,12,3,0,0,1,0,4-11,2-3
20150110,4532,SF,"Kidd-Gilchrist, Michael",1,22.3,"$5,700",cha,A,nyk,110,82,25,10,9,1,0,0,0,0,4-6,2-6
20150114,4532,SF,"Kidd-Gilchrist, Michael",1,16,"$5,700",cha,H,sas,93,98,27,8,5,2,0,0,1,0,2-8,4-4
20150117,4532,SF,"Kidd-Gilchrist, Michael",1,33.7,"$5,500",cha,H,ind,80,71,36,9,16,3,1,0,1,0,4-13,1-3
20150119,4532,SF,"Kidd-Gilchrist, Michael",1,16.3,"$5,700",cha,H,min,105,80,24,10,4,1,0,0,0,0,5-10,0-0
20150121,4532,SF,"Kidd-Gilchrist, Michael",1,26.8,"$5,500",cha,H,mia,78,76,28,8,14,2,1,0,3,0,2-7,4-8
20150123,4532,SF,"Kidd-Gilchrist, Michael",1,28.4,"$5,600",cha,A,cle,90,129,23,15,7,2,1,1,2,0,5-11,5-8
20150124,4532,SF,"Kidd-Gilchrist, Michael",1,22.4,"$5,600",cha,H,nyk,76,71,30,10,7,0,2,0,0,0,2-10,6-9
20150128,4532,SF,"Kidd-Gilchrist, Michael",1,18.1,"$5,700",cha,A,sas,86,95,25,14,3,1,0,0,1,0,7-13,0-0
20150131,4532,SF,"Kidd-Gilchrist, Michael",1,40.1,"$5,600",cha,A,den,104,86,30,17,13,3,1,1,1,0,7-13,3-5
20150202,4532,SF,"Kidd-Gilchrist, Michael",1,35.1,"$5,600",cha,A,was,92,88,37,13,13,3,1,0,0,0,4-6,5-10
20150205,4532,SF,"Kidd-Gilchrist, Michael",1,19.2,"$6,100",cha,H,was,94,87,22,11,6,2,0,0,2,0,2-4,7-8
20150207,4532,SF,"Kidd-Gilchrist, Michael",1,10.1,"$6,000",cha,A,phi,81,89,14,5,3,1,0,0,0,0,2-4,1-1
20150221,4532,SF,"Kidd-Gilchrist, Michael",1,30.8,"$5,700",cha,H,okc,103,110,29,20,4,0,3,0,0,0,8-14,4-4
20150222,4532,SF,"Kidd-Gilchrist, Michael",1,22.7,"$5,700",cha,A,dal,81,92,31,15,6,1,0,0,1,0,7-13,1-2
20150225,4532,SF,"Kidd-Gilchrist, Michael",1,35.9,"$5,700",cha,A,chi,98,86,42,18,12,1,1,0,0,0,7-12,4-6
20150227,4532,SF,"Kidd-Gilchrist, Michael",1,31.7,"$5,900",cha,A,bos,98,106,32,12,11,3,0,1,0,0,6-12,0-0
20150301,4532,SF,"Kidd-Gilchrist, Michael",1,27.6,"$6,000",cha,A,orl,98,83,39,11,13,2,1,0,4,0,4-8,3-4
20150303,4532,SF,"Kidd-Gilchrist, Michael",1,22.2,"$6,000",cha,H,lal,104,103,37,12,6,0,1,1,1,0,6-11,0-2
20150304,4532,SF,"Kidd-Gilchrist, Michael",1,21.6,"$6,000",cha,A,bkn,115,91,34,10,13,0,0,0,4,0,4-7,2-2
20150306,4532,SF,"Kidd-Gilchrist, Michael",1,25.2,"$5,900",cha,H,tor,103,94,35,8,11,4,0,0,2,0,3-8,2-2
20150308,4532,SF,"Kidd-Gilchrist, Michael",1,20.2,"$5,900",cha,A,det,108,101,32,10,6,0,0,2,1,0,4-9,2-2
20150309,4532,SF,"Kidd-Gilchrist, Michael",1,16.7,"$5,900",cha,H,was,69,95,30,7,6,1,0,1,1,0,2-5,3-4
20150311,4532,SF,"Kidd-Gilchrist, Michael",1,41.8,"$5,600",cha,H,sac,106,113,32,23,9,2,1,2,1,0,9-12,5-8
20150313,4532,SF,"Kidd-Gilchrist, Michael",1,31.4,"$6,200",cha,H,chi,101,91,37,13,7,0,3,2,0,0,5-17,3-3
20150316,4532,SF,"Kidd-Gilchrist, Michael",1,12.9,"$6,300",cha,A,uta,66,94,30,7,2,1,0,1,0,0,2-7,3-4
20150317,4532,SF,"Kidd-Gilchrist, Michael",1,20.9,"$6,300",cha,A,lac,92,99,37,10,7,1,0,1,1,0,3-9,4-4
20150320,4532,SF,"Kidd-Gilchrist, Michael",1,22.4,"$5,900",cha,A,sac,91,101,35,13,7,0,1,1,3,0,5-9,3-4
20150322,4532,SF,"Kidd-Gilchrist, Michael",1,29.8,"$5,800",cha,A,min,109,98,39,18,9,0,0,1,1,0,8-10,2-2
20150323,4532,SF,"Kidd-Gilchrist, Michael",1,23.3,"$5,800",cha,A,chi,86,98,30,7,9,1,0,2,0,0,2-8,3-4
20150325,4532,SF,"Kidd-Gilchrist, Michael",1,27,"$5,900",cha,H,bkn,88,91,38,6,10,4,0,2,1,0,3-8,0-0
20150327,4532,SF,"Kidd-Gilchrist, Michael",1,23.6,"$5,900",cha,A,was,107,110,23,11,8,0,1,1,1,0,4-11,3-4
