Date,GID,Pos,Name,Starter,FD Pts,FD Salary,Team,H/A,Oppt,Team Score,Oppt Score,Minutes,Points,Rebounds,Assists,Steals,Blocks,Turnovers,ThreePointers,FieldGoals,FreeThrows
20150319,4770,NA,"Kilpatrick, Sean",,0.2,N/A,min,A,nyk,95,92,10,0,1,0,0,0,1,0,0-1,0-0
20150323,4770,PG,"Kilpatrick, Sean",,20.6,"$4,300",min,A,uta,106,104,20,13,3,2,1,0,1,3,4-7,2-2
20150325,4770,PG,"Kilpatrick, Sean",,11.2,"$4,300",min,H,lal,99,101,24,5,1,2,1,0,0,1,1-7,2-2
20150327,4770,PG,"Kilpatrick, Sean",,7.2,"$4,300",min,A,hou,110,120,17,4,1,0,1,0,0,0,2-5,0-0
