Date,GID,Pos,Name,Starter,FD Pts,FD Salary,Team,H/A,Oppt,Team Score,Oppt Score,Minutes,Points,Rebounds,Assists,Steals,Blocks,Turnovers,ThreePointers,FieldGoals,FreeThrows
20141007,3031,NA,"Kirilenko, Andrei",,24.7,N/A,bkn,H,MTV,,,24,13,6,3,2,0,4,0,3-7,7-11
20141012,3031,NA,"Kirilenko, Andrei",,18.3,N/A,bkn,A,sac,,,20,3,9,1,1,1,1,0,1-3,1-2
20141015,3031,NA,"Kirilenko, Andrei",,10.8,N/A,bkn,H,sac,,,8,5,4,0,0,1,1,0,0-2,5-6
20141019,3031,NA,"Kirilenko, Andrei",,17.6,N/A,bkn,H,bos,,,15,8,3,2,1,1,1,0,2-4,4-4
20141020,3031,NA,"Kirilenko, Andrei",1,14.1,N/A,bkn,H,phi,,,16,6,3,1,3,0,3,0,2-5,2-6
20141029,3031,SF,"Kirilenko, Andrei",,8.6,"$5,100",bkn,A,bos,105,121,10,3,3,0,1,0,0,0,0-3,3-4
20141101,3031,SF,"Kirilenko, Andrei",,1.2,"$4,900",bkn,A,det,102,90,7,0,1,0,0,0,0,0,0-1,0-0
20141103,3031,SF,"Kirilenko, Andrei",,3.9,"$4,500",bkn,H,okc,116,85,5,0,2,1,0,0,0,0,0-0,0-0
20141105,3031,SF,"Kirilenko, Andrei",,0.2,"$4,200",bkn,H,min,91,98,5,0,1,0,0,0,1,0,0-1,0-0
20141107,3031,SF,"Kirilenko, Andrei",,1.2,"$3,900",bkn,H,nyk,110,99,2,0,1,0,0,0,0,0,0-0,0-0
20141112,3031,SF,"Kirilenko, Andrei",,0,"$3,600",bkn,A,pho,104,112,4,0,0,0,0,0,0,0,0-0,0-0
20141113,3031,SF,"Kirilenko, Andrei",,0,"$3,600",bkn,A,gsw,99,107,4,0,0,0,0,0,0,0,0-0,0-0
