Date,GID,Pos,Name,Starter,FD Pts,FD Salary,Team,H/A,Oppt,Team Score,Oppt Score,Minutes,Points,Rebounds,Assists,Steals,Blocks,Turnovers,ThreePointers,FieldGoals,FreeThrows
20150222,4768,NA,"Lauvergne, Joffrey",,14.6,N/A,den,A,okc,94,119,18,8,3,0,0,2,1,0,3-6,2-2
20150223,4768,NA,"Lauvergne, Joffrey",,14.8,N/A,den,H,bkn,82,110,20,0,9,2,2,0,3,0,0-6,0-0
20150225,4768,NA,"Lauvergne, Joffrey",,25.3,N/A,den,H,pho,96,110,26,11,9,1,1,1,2,1,4-7,2-5
20150227,4768,PF,"Lauvergne, Joffrey",1,15.2,"$3,500",den,H,uta,82,104,26,9,6,0,0,1,3,1,3-8,2-6
20150301,4768,PF,"Lauvergne, Joffrey",,4.6,"$3,500",den,H,nor,92,99,11,0,3,0,1,0,1,0,0-5,0-0
20150304,4768,PF,"Lauvergne, Joffrey",,10.8,"$3,500",den,A,min,100,85,11,6,4,0,0,0,0,0,3-8,0-0
20150306,4768,PF,"Lauvergne, Joffrey",,0,"$3,500",den,A,sas,111,120,0,0,0,0,0,0,0,0,0-0,0-0
20150307,4768,PF,"Lauvergne, Joffrey",,8.1,"$3,500",den,H,hou,100,114,8,4,3,1,0,0,1,0,1-3,2-2
20150309,4768,PF,"Lauvergne, Joffrey",,15.6,"$3,500",den,H,nyk,106,78,15,8,3,0,1,1,0,0,4-10,0-1
20150311,4768,PF,"Lauvergne, Joffrey",,1.6,"$3,500",den,H,atl,115,102,10,0,3,0,0,0,2,0,0-3,0-0
20150313,4768,PF,"Lauvergne, Joffrey",,0.2,"$3,500",den,H,gsw,114,103,3,0,1,0,0,0,1,0,0-1,0-0
20150315,4768,PF,"Lauvergne, Joffrey",,3.2,"$3,500",den,A,nor,118,111,7,3,1,0,0,0,1,0,1-1,1-1
20150316,4768,PF,"Lauvergne, Joffrey",,5.2,"$3,500",den,A,mem,81,92,6,0,1,0,1,1,0,0,0-0,0-0
20150320,4768,PF,"Lauvergne, Joffrey",,0,"$3,500",den,A,mia,91,108,1,0,0,0,0,0,0,0,0-0,0-0
20150322,4768,PF,"Lauvergne, Joffrey",,11.8,"$3,500",den,A,orl,119,100,9,2,4,2,1,1,2,0,1-1,0-0
20150327,4768,PF,"Lauvergne, Joffrey",,3.6,"$3,500",den,H,uta,107,91,13,3,3,0,0,0,3,0,0-1,3-4
20150328,4768,PF,"Lauvergne, Joffrey",,5.9,"$3,500",den,A,por,114,120,11,2,2,1,0,0,0,0,1-5,0-0
20150401,4768,PF,"Lauvergne, Joffrey",,25.1,"$3,500",den,A,uta,84,98,23,8,8,1,0,3,0,0,3-7,2-2
20150404,4768,PF,"Lauvergne, Joffrey",,8.4,"$3,500",den,H,lac,92,107,9,7,2,0,0,0,1,0,3-5,1-1
20150408,4768,PF,"Lauvergne, Joffrey",,8.9,"$3,500",den,H,lal,119,101,5,5,2,1,0,0,0,1,2-2,0-0
20150410,4768,PF,"Lauvergne, Joffrey",,0,"$3,500",den,H,dal,143,144,0,0,0,0,0,0,0,0,0-0,0-0
20150412,4768,PF,"Lauvergne, Joffrey",,11.1,"$3,500",den,H,sac,122,111,7,6,3,1,0,0,0,0,3-4,0-0
20150413,4768,PF,"Lauvergne, Joffrey",,0,"$3,500",den,A,lac,103,110,3,0,0,0,0,0,0,0,0-0,0-0
20150415,4768,PF,"Lauvergne, Joffrey",,24.9,"$3,500",den,A,gsw,126,133,23,11,7,3,1,0,1,0,4-6,3-4
