Date,GID,Pos,Name,Starter,FD Pts,FD Salary,Team,H/A,Oppt,Team Score,Oppt Score,Minutes,Points,Rebounds,Assists,Steals,Blocks,Turnovers,ThreePointers,FieldGoals,FreeThrows
20141008,4713,NA,"Lucas, Kalin",,9,N/A,mem,A,mil,,,9,4,0,2,1,0,0,0,2-4,0-0
20141009,4713,NA,"Lucas, Kalin",,9.7,N/A,mem,A,hou,,,11,8,1,1,0,0,1,0,3-5,2-4
20141014,4713,NA,"Lucas, Kalin",,10.2,N/A,mem,A,okc,,,10,6,1,2,1,0,2,0,2-3,2-2
20141020,4713,NA,"Lucas, Kalin",,4.2,N/A,mem,A,dal,,,5,2,1,0,1,0,1,0,0-0,2-4
20141022,4713,NA,"Lucas, Kalin",,4.5,N/A,mem,H,cle,,,6,3,0,1,0,0,0,1,1-1,0-0
20141024,4713,NA,"Lucas, Kalin",,7,N/A,mem,H,mia,,,17,2,0,2,2,0,2,0,1-6,0-0
20141119,4713,PG,"Lucas, Kalin",,2,"$3,500",mem,A,tor,92,96,6,0,0,0,1,0,0,0,0-1,0-0
