Date,GID,Pos,Name,Starter,FD Pts,FD Salary,Team,H/A,Oppt,Team Score,Oppt Score,Minutes,Points,Rebounds,Assists,Steals,Blocks,Turnovers,ThreePointers,FieldGoals,FreeThrows
20150109,3133,NA,"Martin, Kenyon",,9.4,N/A,mil,H,min,98,84,8,6,2,0,0,1,1,0,3-3,0-0
20150110,3133,PF,"Martin, Kenyon",,1.5,"$3,600",mil,A,chi,87,95,6,0,0,1,0,0,0,0,0-1,0-0
20150115,3133,PF,"Martin, Kenyon",,1.2,"$3,600",mil,H,nyk,95,79,2,0,1,0,0,0,0,0,0-1,0-0
20150119,3133,PF,"Martin, Kenyon",,1.2,"$3,600",mil,H,tor,89,92,4,0,1,0,0,0,0,0,0-1,0-0
20150122,3133,PF,"Martin, Kenyon",,0,"$3,600",mil,H,uta,99,101,2,0,0,0,0,0,0,0,0-1,0-0
20150124,3133,PF,"Martin, Kenyon",,2.4,"$3,600",mil,H,det,101,86,7,0,2,0,0,0,0,0,0-1,0-0
20150125,3133,PF,"Martin, Kenyon",,3.5,"$3,600",mil,A,sas,95,101,7,2,0,1,0,0,0,0,1-1,0-0
20150127,3133,PF,"Martin, Kenyon",,5.6,"$3,600",mil,A,mia,109,102,12,2,3,0,0,0,0,0,0-3,2-2
20150129,3133,PF,"Martin, Kenyon",,20.6,"$3,600",mil,A,orl,115,100,22,4,3,2,3,2,0,0,2-5,0-0
20150131,3133,PF,"Martin, Kenyon",,13.3,"$3,600",mil,H,por,95,88,17,2,4,1,1,2,1,0,1-1,0-0
20150202,3133,PF,"Martin, Kenyon",,10.6,"$3,600",mil,A,tor,82,75,19,4,3,0,1,1,1,0,2-4,0-0
