Date,GID,Pos,Name,Starter,FD Pts,FD Salary,Team,H/A,Oppt,Team Score,Oppt Score,Minutes,Points,Rebounds,Assists,Steals,Blocks,Turnovers,ThreePointers,FieldGoals,FreeThrows
20141007,4700,NA,"McAdoo, James Michael",,13.3,N/A,gsw,A,lac,,,10,3,4,1,3,0,2,0,0-0,3-4
20141016,4700,NA,"McAdoo, James Michael",,31.4,N/A,gsw,H,den,,,20,20,7,0,2,0,1,0,7-10,6-7
20141017,4700,NA,"McAdoo, James Michael",,8.1,N/A,gsw,A,mia,,,19,0,3,1,1,1,1,0,0-0,0-0
20141019,4700,NA,"McAdoo, James Michael",,8.8,N/A,gsw,A,hou,,,13,4,4,0,0,0,0,0,2-4,0-0
20150119,4700,NA,"McAdoo, James Michael",,19,N/A,gsw,H,den,122,79,13,11,5,0,0,1,0,0,4-5,3-5
20150123,4700,PF,"McAdoo, James Michael",,5,"$3,500",gsw,H,sac,126,101,6,3,0,0,1,0,0,0,1-2,1-2
20150127,4700,PF,"McAdoo, James Michael",,0,"$3,500",gsw,H,chi,111,113,1,0,0,0,0,0,0,0,0-0,0-0
20150206,4700,PF,"McAdoo, James Michael",,0,"$3,500",gsw,A,atl,116,124,0,0,0,0,0,0,0,0,0-0,0-0
20150313,4700,PF,"McAdoo, James Michael",,26.5,"$3,500",gsw,A,den,103,114,28,16,5,1,1,1,1,0,6-10,4-6
20150316,4700,PF,"McAdoo, James Michael",,4.4,"$3,700",gsw,H,lal,108,105,5,0,2,0,0,1,0,0,0-0,0-0
20150318,4700,PF,"McAdoo, James Michael",,5.8,"$3,500",gsw,H,atl,114,95,5,0,4,0,0,1,1,0,0-3,0-0
20150320,4700,PF,"McAdoo, James Michael",,5.8,"$3,500",gsw,H,nor,112,96,5,0,4,0,1,0,1,0,0-2,0-0
20150327,4700,PF,"McAdoo, James Michael",,6.4,"$3,500",gsw,A,mem,107,84,3,2,2,0,1,0,0,0,1-2,0-1
20150328,4700,PF,"McAdoo, James Michael",,20.8,"$3,500",gsw,A,mil,108,95,23,12,4,0,0,3,2,0,5-8,2-2
20150331,4700,PF,"McAdoo, James Michael",,0,"$3,600",gsw,A,lac,110,106,2,0,0,0,0,0,0,0,0-1,0-0
20150402,4700,PF,"McAdoo, James Michael",,21.6,"$3,500",gsw,H,pho,107,106,22,8,8,0,1,1,0,0,3-5,2-5
20150405,4700,PF,"McAdoo, James Michael",,4.4,"$3,600",gsw,A,sas,92,107,9,2,2,0,0,0,0,0,1-2,0-0
20150409,4700,PF,"McAdoo, James Michael",,0,"$3,600",gsw,H,por,116,105,0,0,0,0,0,0,0,0,0-0,0-0
20150415,4700,PF,"McAdoo, James Michael",,11.7,"$3,500",gsw,H,den,133,126,16,8,1,1,0,1,1,0,3-4,2-4
20150503,4700,PF,"McAdoo, James Michael",,1.2,"$3,500",gsw,H,mem,101,86,1,0,1,0,0,0,0,0,0-1,0-0
20150511,4700,PF,"McAdoo, James Michael",,1,"$2,000",gsw,A,mem,101,84,2,0,0,0,0,1,1,0,0-0,0-0
20150513,4700,PF,"McAdoo, James Michael",,5.2,"$2,000",gsw,H,mem,98,78,3,4,1,0,0,0,0,0,2-2,0-0
20150523,4700,PF,"McAdoo, James Michael",,1.2,"$2,000",gsw,A,hou,115,80,4,0,1,0,0,0,0,0,0-0,0-0
20150611,4700,NA,"McAdoo, James Michael",,1.2,N/A,gsw,A,cle,103,82,1,0,1,0,0,0,0,0,0-0,0-0
