Date,GID,Pos,Name,Starter,FD Pts,FD Salary,Team,H/A,Oppt,Team Score,Oppt Score,Minutes,Points,Rebounds,Assists,Steals,Blocks,Turnovers,ThreePointers,FieldGoals,FreeThrows
20150402,4230,NA,"McNeal, Jerel",,2,N/A,pho,A,gsw,106,107,3,2,0,0,0,0,0,0,1-2,0-0
20150404,4230,SG,"McNeal, Jerel",,2.7,"$3,000",pho,H,uta,87,85,10,0,1,1,0,1,2,0,0-2,0-0
20150407,4230,SG,"McNeal, Jerel",,0.2,"$3,000",pho,A,atl,69,96,4,0,1,0,0,0,1,0,0-1,0-0
20150410,4230,SG,"McNeal, Jerel",,1.5,"$3,000",pho,A,nor,75,90,2,0,0,1,0,0,0,0,0-1,0-0
20150412,4230,SG,"McNeal, Jerel",,0,"$3,000",pho,A,sas,91,107,2,0,0,0,0,0,0,0,0-1,0-0
20150414,4230,SG,"McNeal, Jerel",,12.2,"$3,000",pho,H,lac,101,112,15,7,1,0,3,0,2,1,2-4,2-2
