Date,GID,Pos,Name,Starter,FD Pts,FD Salary,Team,H/A,Oppt,Team Score,Oppt Score,Minutes,Points,Rebounds,Assists,Steals,Blocks,Turnovers,ThreePointers,FieldGoals,FreeThrows
20141007,4598,NA,"Mekel, Gal",,10.4,N/A,dal,H,hou,,,12,7,2,0,0,1,1,1,3-4,0-0
20141010,4598,NA,"Mekel, Gal",,3.2,N/A,dal,H,okc,,,12,0,1,2,1,0,3,0,0-2,0-0
20141012,4598,NA,"Mekel, Gal",,18.5,N/A,dal,H,ind,,,15,11,0,5,0,0,0,1,4-7,2-2
20141017,4598,NA,"Mekel, Gal",,6,N/A,dal,A,cle,,,4,3,0,2,0,0,0,1,1-1,0-0
20141018,4598,NA,"Mekel, Gal",1,29.9,N/A,dal,A,ind,,,43,19,2,9,0,0,5,1,7-14,4-4
20141020,4598,NA,"Mekel, Gal",,10.5,N/A,dal,H,mem,,,21,2,5,3,0,0,2,0,1-6,0-0
20141023,4598,NA,"Mekel, Gal",1,29.4,N/A,dal,A,nor,,,42,17,2,8,1,0,4,1,7-13,2-2
20141024,4598,NA,"Mekel, Gal",,7.4,N/A,dal,A,orl,,,7,2,2,2,0,0,0,0,1-1,0-0
20141206,4598,NA,"Mekel, Gal",,7,N/A,nor,A,lac,100,120,11,0,0,6,0,0,2,0,0-4,0-0
20141207,4598,PG,"Mekel, Gal",,8,"$3,500",nor,A,lal,104,87,12,2,0,4,0,0,0,0,1-5,0-0
20141209,4598,PG,"Mekel, Gal",,3.5,"$3,500",nor,H,nyk,104,93,12,0,0,1,1,0,0,0,0-5,0-0
20141210,4598,PG,"Mekel, Gal",,10.2,"$3,500",nor,A,dal,107,112,9,4,1,2,1,0,0,0,2-6,0-0
