Date,GID,Pos,Name,Starter,FD Pts,FD Salary,Team,H/A,Oppt,Team Score,Oppt Score,Minutes,Points,Rebounds,Assists,Steals,Blocks,Turnovers,ThreePointers,FieldGoals,FreeThrows
20141004,4484,NA,"Miller, Darius",1,15.6,N/A,nor,A,mia,,,32,8,3,2,1,0,1,0,4-12,0-0
20141006,4484,NA,"Miller, Darius",1,4,N/A,nor,A,atl,,,8,2,0,0,1,0,0,0,1-1,0-0
20141008,4484,NA,"Miller, Darius",1,8.5,N/A,nor,H,was,,,27,3,0,1,2,0,0,1,1-7,0-0
20141014,4484,NA,"Miller, Darius",,9.4,N/A,nor,H,hou,,,18,5,2,2,0,0,1,1,2-3,0-0
20141016,4484,NA,"Miller, Darius",,8.4,N/A,nor,H,okc,,,22,6,2,0,0,0,0,0,3-4,0-0
20141020,4484,NA,"Miller, Darius",,9.5,N/A,nor,A,was,,,17,8,0,1,1,0,2,2,2-3,2-2
20141023,4484,NA,"Miller, Darius",,4.2,N/A,nor,H,dal,,,9,0,1,2,0,0,0,0,0-2,0-0
20141103,4484,SG,"Miller, Darius",,3,"$3,500",nor,A,mem,81,93,4,0,0,2,0,0,0,0,0-0,0-0
20141114,4484,SG,"Miller, Darius",,1,"$3,500",nor,H,min,139,91,17,2,0,0,0,0,1,0,1-3,0-0
20141117,4484,SG,"Miller, Darius",,2,"$3,500",nor,A,por,93,102,5,0,0,0,1,0,0,0,0-0,0-0
20141121,4484,SG,"Miller, Darius",,1.2,"$3,500",nor,A,den,97,117,4,0,1,0,0,0,0,0,0-1,0-0
20141125,4484,SG,"Miller, Darius",1,0,"$3,500",nor,H,sac,89,99,14,0,0,0,0,0,0,0,0-3,0-0
