Date,GID,Pos,Name,Starter,FD Pts,FD Salary,Team,H/A,Oppt,Team Score,Oppt Score,Minutes,Points,Rebounds,Assists,Steals,Blocks,Turnovers,ThreePointers,FieldGoals,FreeThrows
20141006,4467,NA,"Miller, Quincy",,16.4,N/A,den,A,lal,,,11,10,2,2,1,0,1,3,3-5,1-2
20141008,4467,NA,"Miller, Quincy",,0.4,N/A,den,H,okc,,,8,0,2,0,0,0,2,0,0-2,0-0
20141010,4467,NA,"Miller, Quincy",,3.9,N/A,den,A,pho,,,8,0,2,1,0,0,0,0,0-2,0-0
20141013,4467,NA,"Miller, Quincy",,12.6,N/A,den,A,chi,,,9,7,3,0,0,1,0,0,2-4,3-4
20141016,4467,NA,"Miller, Quincy",,1.4,N/A,den,A,gsw,,,8,0,2,0,0,0,1,0,0-2,0-0
20141021,4467,NA,"Miller, Quincy",,4.4,N/A,den,H,por,,,4,2,2,0,0,0,0,0,1-1,0-0
20141024,4467,NA,"Miller, Quincy",,3.2,N/A,den,A,gsw,,,11,2,1,0,0,0,0,0,1-2,0-0
20150117,4467,NA,"Miller, Quincy",,6.4,N/A,sac,H,lac,108,117,6,1,2,2,0,0,0,0,0-3,1-2
20150123,4467,SF,"Miller, Quincy",,25.2,"$3,500",sac,A,gsw,101,126,34,13,6,0,2,2,3,1,3-8,6-7
20150130,4467,SF,"Miller, Quincy",,6.2,"$3,700",sac,A,cle,90,101,8,1,1,0,2,0,0,0,0-3,1-2
20150203,4467,SF,"Miller, Quincy",,2.7,"$3,500",sac,H,gsw,96,121,6,0,1,1,0,0,0,0,0-1,0-0
20150205,4467,SF,"Miller, Quincy",,5.2,"$3,500",sac,H,dal,78,101,6,0,1,0,1,1,0,0,0-1,0-0
20150207,4467,SF,"Miller, Quincy",,5.2,"$3,500",sac,A,uta,90,102,2,2,1,0,1,0,0,0,1-2,0-0
20150401,4467,SF,"Miller, Quincy",,1.5,"$3,500",det,A,cha,78,102,2,0,0,1,0,0,0,0,0-0,0-0
20150412,4467,SF,"Miller, Quincy",,16.3,"$3,500",det,H,cha,116,77,27,6,4,3,0,1,1,2,2-7,0-0
20150413,4467,SF,"Miller, Quincy",,10.3,"$3,500",det,A,cle,97,109,15,0,4,1,1,1,0,0,0-7,0-0
20150415,4467,SF,"Miller, Quincy",,5,"$3,500",det,A,nyk,112,90,14,6,0,0,0,0,1,0,3-6,0-0
