Date,GID,Pos,Name,Starter,FD Pts,FD Salary,Team,H/A,Oppt,Team Score,Oppt Score,Minutes,Points,Rebounds,Assists,Steals,Blocks,Turnovers,ThreePointers,FieldGoals,FreeThrows
20141006,4518,NA,"Moultrie, Arnett",,17.2,N/A,phi,A,bos,,,22,12,6,0,0,0,2,0,6-10,0-0
20141008,4518,NA,"Moultrie, Arnett",,18,N/A,phi,H,cha,,,21,7,5,2,1,0,0,0,3-10,1-2
20141010,4518,NA,"Moultrie, Arnett",,14.1,N/A,phi,A,min,,,21,10,3,1,1,0,3,0,5-10,0-0
20141016,4518,NA,"Moultrie, Arnett",,33.3,N/A,phi,H,bos,,,34,16,9,3,2,0,2,0,8-19,0-0
20141018,4518,NA,"Moultrie, Arnett",,24.6,N/A,phi,H,orl,,,19,6,8,2,2,2,2,0,3-8,0-0
20141020,4518,NA,"Moultrie, Arnett",,13.6,N/A,phi,A,bkn,,,24,10,3,0,1,1,4,0,5-7,0-0
