Date,GID,Pos,Name,Starter,FD Pts,FD Salary,Team,H/A,Oppt,Team Score,Oppt Score,Minutes,Points,Rebounds,Assists,Steals,Blocks,Turnovers,ThreePointers,FieldGoals,FreeThrows
20141022,4759,NA,"Nogueira, Lucas",,12.4,N/A,tor,H,MCH,,,11,8,2,0,0,2,2,0,2-2,4-4
20150102,4759,C,"Nogueira, Lucas",,1.2,"$3,500",tor,A,gsw,105,126,2,0,1,0,0,0,0,0,0-0,0-0
20150104,4759,C,"Nogueira, Lucas",,11.1,"$3,500",tor,A,pho,109,125,6,4,3,1,1,0,0,0,1-1,2-2
20150221,4759,C,"Nogueira, Lucas",,1.2,"$3,500",tor,A,hou,76,98,3,0,1,0,0,0,0,0,0-1,0-0
