Date,GID,Pos,Name,Starter,FD Pts,FD Salary,Team,H/A,Oppt,Team Score,Oppt Score,Minutes,Points,Rebounds,Assists,Steals,Blocks,Turnovers,ThreePointers,FieldGoals,FreeThrows
20141007,4563,NA,"Onuaku, Arinze",,9.8,N/A,ind,H,min,,,12,6,4,0,0,0,1,0,3-4,0-0
20141010,4563,NA,"Onuaku, Arinze",,9.6,N/A,ind,H,orl,,,14,4,3,0,0,1,0,0,2-3,0-0
20141021,4563,NA,"Onuaku, Arinze",,0.2,N/A,ind,A,min,,,5,0,1,0,0,0,1,0,0-0,0-0
20150407,4563,NA,"Onuaku, Arinze",,14.5,N/A,min,A,sac,111,116,16,6,5,1,0,1,1,0,3-3,0-0
20150408,4563,NA,"Onuaku, Arinze",,2.4,N/A,min,A,por,91,116,10,0,2,0,0,0,0,0,0-1,0-0
20150410,4563,PF,"Onuaku, Arinze",,0,"$3,500",min,A,lal,98,106,0,0,0,0,0,0,0,0,0-0,0-0
20150411,4563,PF,"Onuaku, Arinze",,1.5,"$3,500",min,A,gsw,101,110,0,0,0,1,0,0,0,0,0-0,0-0
20150413,4563,PF,"Onuaku, Arinze",,21.6,"$3,500",min,H,nor,88,100,16,9,8,0,0,2,1,0,4-4,1-2
20150415,4563,PF,"Onuaku, Arinze",1,24.2,"$3,600",min,H,okc,113,138,26,12,6,2,1,0,0,0,5-6,2-6
