Date,GID,Pos,Name,Starter,FD Pts,FD Salary,Team,H/A,Oppt,Team Score,Oppt Score,Minutes,Points,Rebounds,Assists,Steals,Blocks,Turnovers,ThreePointers,FieldGoals,FreeThrows
20141007,4710,NA,"Papanikolaou, Kostas",,22.7,N/A,hou,A,dal,,,26,12,6,1,1,0,0,2,3-11,4-5
20141009,4710,NA,"Papanikolaou, Kostas",,21.3,N/A,hou,H,mem,,,24,9,4,3,1,2,3,1,3-6,2-2
20141013,4710,NA,"Papanikolaou, Kostas",1,12.6,N/A,hou,H,pho,,,23,4,3,2,1,1,2,0,2-10,0-0
20141014,4710,NA,"Papanikolaou, Kostas",1,19.9,N/A,hou,A,nor,,,25,13,2,1,2,0,1,0,5-8,3-3
20141019,4710,NA,"Papanikolaou, Kostas",,16.8,N/A,hou,H,gsw,,,23,7,4,2,1,0,0,1,3-7,0-0
20141021,4710,NA,"Papanikolaou, Kostas",,13.6,N/A,hou,A,mia,,,24,8,3,2,1,0,3,1,3-11,1-2
20141022,4710,NA,"Papanikolaou, Kostas",1,15.7,N/A,hou,A,orl,,,31,5,1,5,1,1,2,1,1-7,2-2
20141024,4710,NA,"Papanikolaou, Kostas",,17.6,N/A,hou,H,sas,,,31,6,3,4,0,2,2,1,2-6,1-4
20141028,4710,SF,"Papanikolaou, Kostas",,19.2,"$3,500",hou,A,lal,108,90,20,4,6,4,2,0,2,0,2-6,0-0
20141029,4710,SF,"Papanikolaou, Kostas",,24.4,"$3,500",hou,A,uta,104,93,22,12,2,4,1,1,0,4,4-7,0-0
20141101,4710,SF,"Papanikolaou, Kostas",,9.4,"$3,900",hou,H,bos,104,90,23,3,2,4,2,0,6,1,1-4,0-0
20141103,4710,SF,"Papanikolaou, Kostas",,9.1,"$3,800",hou,A,phi,104,93,20,3,3,1,1,0,1,1,1-4,0-0
20141104,4710,SF,"Papanikolaou, Kostas",,27.9,"$3,800",hou,A,mia,108,91,37,8,7,5,0,2,0,2,3-10,0-0
20141106,4710,SF,"Papanikolaou, Kostas",,7.3,"$3,900",hou,H,sas,98,81,26,0,4,3,0,0,2,0,0-2,0-0
20141108,4710,SF,"Papanikolaou, Kostas",1,16.5,"$3,800",hou,H,gsw,87,98,29,2,10,1,3,0,5,0,1-9,0-0
20141112,4710,SF,"Papanikolaou, Kostas",,19,"$4,200",hou,A,min,113,101,24,14,0,4,0,0,1,4,4-8,2-3
20141114,4710,SF,"Papanikolaou, Kostas",,9.8,"$4,200",hou,H,phi,88,87,17,0,4,2,2,0,2,0,0-4,0-0
20141116,4710,SF,"Papanikolaou, Kostas",,7.8,"$4,200",hou,A,okc,69,65,15,0,4,0,0,2,1,0,0-6,0-0
20141117,4710,SF,"Papanikolaou, Kostas",,20.3,"$4,200",hou,A,mem,93,119,24,8,4,5,0,2,4,0,4-7,0-0
20141119,4710,SF,"Papanikolaou, Kostas",,29.2,"$4,100",hou,H,lal,92,98,34,19,6,2,1,0,2,4,6-10,3-3
20141122,4710,SF,"Papanikolaou, Kostas",,23.4,"$4,300",hou,H,dal,95,92,38,8,7,2,2,0,0,2,2-11,2-2
20141124,4710,SF,"Papanikolaou, Kostas",,15.5,"$4,400",hou,H,nyk,91,86,25,4,5,3,1,2,5,0,2-6,0-2
20141126,4710,SF,"Papanikolaou, Kostas",,17.3,"$4,300",hou,H,sac,102,89,29,5,4,5,0,0,0,0,2-5,1-2
20141128,4710,SF,"Papanikolaou, Kostas",,7.4,"$4,300",hou,H,lac,85,102,23,2,2,4,0,0,3,0,1-5,0-0
20141129,4710,SF,"Papanikolaou, Kostas",,22.6,"$4,300",hou,A,mil,117,103,29,12,3,4,1,0,1,2,5-6,0-0
20141203,4710,SF,"Papanikolaou, Kostas",,23.3,"$4,400",hou,H,mem,105,96,25,12,4,3,1,0,0,0,6-14,0-0
20141205,4710,SF,"Papanikolaou, Kostas",,18.3,"$4,500",hou,A,min,114,112,26,10,4,1,0,1,0,0,5-6,0-0
20141218,4710,SF,"Papanikolaou, Kostas",,12.4,"$4,500",hou,H,nor,90,99,23,4,2,4,0,0,0,0,1-4,2-2
20141220,4710,SF,"Papanikolaou, Kostas",,10.9,"$4,400",hou,H,atl,97,104,17,4,2,3,0,0,0,1,1-5,1-2
20141222,4710,SF,"Papanikolaou, Kostas",,-1.8,"$4,200",hou,H,por,110,95,17,0,1,0,0,0,3,0,0-3,0-0
20141231,4710,SF,"Papanikolaou, Kostas",,0,"$4,000",hou,H,cha,102,83,2,0,0,0,0,0,0,0,0-1,0-0
20150102,4710,SF,"Papanikolaou, Kostas",,12.2,"$3,700",hou,A,nor,83,111,22,3,1,4,1,0,0,1,1-5,0-0
20150103,4710,SF,"Papanikolaou, Kostas",,13.9,"$3,700",hou,H,mia,115,79,23,2,7,1,2,0,2,0,1-6,0-0
20150105,4710,SF,"Papanikolaou, Kostas",,0,"$3,600",hou,A,chi,105,114,7,0,0,0,0,0,0,0,0-1,0-0
20150107,4710,SF,"Papanikolaou, Kostas",,3,"$3,500",hou,A,cle,105,93,6,3,0,0,0,0,0,1,1-1,0-0
20150108,4710,SF,"Papanikolaou, Kostas",,5.1,"$3,500",hou,A,nyk,120,96,17,0,3,1,1,0,2,0,0-2,0-0
20150110,4710,SF,"Papanikolaou, Kostas",,3.2,"$3,500",hou,H,uta,97,82,14,3,1,0,1,0,3,1,1-3,0-0
20150112,4710,SF,"Papanikolaou, Kostas",,8.2,"$3,500",hou,A,bkn,113,99,12,5,1,0,1,0,0,1,2-4,0-0
20150115,4710,SF,"Papanikolaou, Kostas",,5,"$3,500",hou,H,okc,112,101,7,5,0,0,0,0,0,1,2-2,0-0
20150117,4710,SF,"Papanikolaou, Kostas",,13.6,"$3,500",hou,H,gsw,106,131,13,5,3,2,1,0,0,1,2-5,0-0
20150119,4710,SF,"Papanikolaou, Kostas",,0.2,"$3,500",hou,H,ind,110,98,11,0,1,0,1,0,3,0,0-1,0-0
20150121,4710,SF,"Papanikolaou, Kostas",,6.9,"$3,500",hou,A,gsw,113,126,15,2,2,3,0,0,2,0,1-2,0-0
20150123,4710,SF,"Papanikolaou, Kostas",,9.8,"$3,500",hou,A,pho,113,111,17,0,4,2,0,1,0,0,0-4,0-0
20150125,4710,SF,"Papanikolaou, Kostas",,1.2,"$3,500",hou,A,lal,99,87,10,0,1,0,0,0,0,0,0-1,0-0
20150131,4710,SF,"Papanikolaou, Kostas",,15.9,"$3,500",hou,A,det,101,114,12,8,2,1,2,0,0,2,3-5,0-0
20150210,4710,SF,"Papanikolaou, Kostas",,14.7,"$3,500",hou,A,pho,127,118,21,8,1,1,1,1,0,2,3-4,0-0
20150211,4710,SF,"Papanikolaou, Kostas",,15.4,"$3,500",hou,A,lac,95,110,20,4,2,4,1,1,1,0,1-5,2-2
20150220,4710,SF,"Papanikolaou, Kostas",,0,"$3,500",hou,A,dal,100,111,1,0,0,0,0,0,0,0,0-0,0-0
20150221,4710,SF,"Papanikolaou, Kostas",,0.5,"$3,500",hou,H,tor,98,76,5,0,0,1,0,0,1,0,0-1,0-0
20150408,4710,SF,"Papanikolaou, Kostas",,1.4,"$3,500",hou,A,sas,98,110,6,0,2,0,0,0,1,0,0-0,0-0
20150415,4710,SF,"Papanikolaou, Kostas",,0.7,"$3,500",hou,H,uta,117,91,12,0,1,1,0,0,2,0,0-2,0-0
20150421,4710,SF,"Papanikolaou, Kostas",,0,"$3,500",hou,H,dal,111,99,1,0,0,0,0,0,0,0,0-0,0-0
20150426,4710,SF,"Papanikolaou, Kostas",,0,"$3,500",hou,A,dal,109,121,2,0,0,0,0,0,0,0,0-0,0-0
20150428,4710,SF,"Papanikolaou, Kostas",,0,"$3,500",hou,H,dal,103,94,1,0,0,0,0,0,0,0,0-0,0-0
20150508,4710,SF,"Papanikolaou, Kostas",,0,"$2,000",hou,A,lac,99,124,3,0,0,0,0,0,0,0,0-1,0-0
20150510,4710,SF,"Papanikolaou, Kostas",,-0.8,"$2,000",hou,A,lac,95,128,10,2,1,0,0,0,4,0,1-2,0-0
20150512,4710,SF,"Papanikolaou, Kostas",,2.2,"$2,000",hou,H,lac,124,103,2,1,1,0,0,0,0,0,0-1,1-2
20150523,4710,NA,"Papanikolaou, Kostas",,-1,N/A,hou,H,gsw,80,115,4,0,0,0,0,0,1,0,0-0,0-0
