Date,GID,Pos,Name,Starter,FD Pts,FD Salary,Team,H/A,Oppt,Team Score,Oppt Score,Minutes,Points,Rebounds,Assists,Steals,Blocks,Turnovers,ThreePointers,FieldGoals,FreeThrows
20141010,3446,NA,"Pargo, Jannero",,19.4,N/A,cha,H,was,,,17,15,2,2,0,0,1,4,5-11,1-3
20141013,3446,NA,"Pargo, Jannero",,18.5,N/A,cha,H,orl,,,12,16,0,1,1,0,1,2,6-10,2-2
20141015,3446,NA,"Pargo, Jannero",,14.1,N/A,cha,H,det,,,18,6,3,3,0,0,0,0,3-11,0-0
20141017,3446,NA,"Pargo, Jannero",,19.4,N/A,cha,A,was,,,16,12,2,4,1,0,3,2,5-8,0-0
20141020,3446,NA,"Pargo, Jannero",,12.2,N/A,cha,A,atl,,,17,5,1,4,0,0,0,1,2-6,0-0
20141023,3446,NA,"Pargo, Jannero",,11.1,N/A,cha,H,ind,,,11,4,3,3,0,0,1,0,2-8,0-0
20141109,3446,PG,"Pargo, Jannero",,2,"$3,500",cha,A,lal,92,107,3,2,0,0,0,0,0,0,0-0,2-2
20141115,3446,PG,"Pargo, Jannero",,8.2,"$3,500",cha,A,gsw,87,112,15,7,1,0,0,0,0,1,3-8,0-0
20141117,3446,PG,"Pargo, Jannero",,11,"$3,500",cha,H,dal,80,107,18,11,0,0,0,0,0,3,4-10,0-0
20141124,3446,PG,"Pargo, Jannero",,2,"$3,500",cha,H,lac,92,113,2,2,0,0,0,0,0,0,1-2,0-0
20141129,3446,PG,"Pargo, Jannero",,14,"$3,500",cha,A,atl,75,105,17,10,0,4,0,0,2,2,4-9,0-0
20141203,3446,PG,"Pargo, Jannero",,0,"$3,500",cha,H,chi,95,102,0,0,0,0,0,0,0,0,0-0,0-0
20141213,3446,PG,"Pargo, Jannero",,4.5,"$3,500",cha,H,bkn,87,112,7,3,0,1,0,0,0,1,1-2,0-0
20141220,3446,PG,"Pargo, Jannero",,5.4,"$3,500",cha,H,uta,104,86,3,0,2,2,0,0,0,0,0-1,0-0
20141222,3446,PG,"Pargo, Jannero",,6.5,"$3,500",cha,H,den,110,82,8,6,0,1,0,0,1,2,2-3,0-0
