Date,GID,Pos,Name,Starter,FD Pts,FD Salary,Team,H/A,Oppt,Team Score,Oppt Score,Minutes,Points,Rebounds,Assists,Steals,Blocks,Turnovers,ThreePointers,FieldGoals,FreeThrows
20141008,3790,NA,"Randolph, Shavlik",,11,N/A,pho,H,nul,,,14,4,5,0,0,1,1,0,2-4,0-1
20141010,3790,NA,"Randolph, Shavlik",,1.2,N/A,pho,H,den,,,13,0,1,0,0,0,0,0,0-1,0-2
20141013,3790,NA,"Randolph, Shavlik",,0.4,N/A,pho,A,hou,,,5,0,2,0,0,0,2,0,0-0,0-0
20141021,3790,NA,"Randolph, Shavlik",,22.2,N/A,pho,A,lal,,,26,10,6,2,1,0,0,2,4-7,0-0
20141029,3790,PF,"Randolph, Shavlik",,9,"$3,500",pho,H,lal,119,99,13,3,5,0,0,0,0,0,1-3,1-3
20141101,3790,PF,"Randolph, Shavlik",,1.2,"$3,500",pho,A,uta,91,118,5,0,1,0,0,0,0,0,0-1,0-0
20141105,3790,PF,"Randolph, Shavlik",,0,"$3,500",pho,H,mem,91,102,2,0,0,0,0,0,0,0,0-0,0-0
20141107,3790,PF,"Randolph, Shavlik",,-1,"$3,500",pho,H,sac,112,114,8,0,0,0,0,0,1,0,0-1,0-0
20141115,3790,PF,"Randolph, Shavlik",,0,"$3,500",pho,A,lac,107,120,2,0,0,0,0,0,0,0,0-0,0-0
20141121,3790,PF,"Randolph, Shavlik",,9,"$3,500",pho,A,phi,122,96,11,0,5,2,0,0,0,0,0-3,0-0
20141122,3790,PF,"Randolph, Shavlik",,3.2,"$3,500",pho,A,ind,106,83,4,2,1,0,0,0,0,0,1-1,0-0
20141124,3790,PF,"Randolph, Shavlik",,1.2,"$3,500",pho,A,tor,100,104,6,0,1,0,0,0,0,0,0-0,0-0
20141128,3790,PF,"Randolph, Shavlik",,8.7,"$3,500",pho,A,den,97,122,6,4,1,1,0,1,0,0,2-3,0-0
20141202,3790,PF,"Randolph, Shavlik",,3.2,"$3,500",pho,H,ind,116,99,2,0,1,0,1,0,0,0,0-0,0-0
20141214,3790,PF,"Randolph, Shavlik",,16.8,"$3,500",pho,A,okc,88,112,18,6,4,0,3,0,0,0,2-9,2-5
20141221,3790,PF,"Randolph, Shavlik",,6.4,"$3,500",pho,A,was,104,92,10,2,2,0,0,1,0,0,0-2,2-2
20141226,3790,PF,"Randolph, Shavlik",,0,"$3,500",pho,A,sac,115,106,1,0,0,0,0,0,0,0,0-0,0-0
20141228,3790,PF,"Randolph, Shavlik",,1.2,"$3,500",pho,A,lal,116,107,5,0,1,0,0,0,0,0,0-1,0-0
20150102,3790,PF,"Randolph, Shavlik",,-1,"$3,500",pho,H,phi,112,96,2,0,0,0,0,0,1,0,0-0,0-0
20150104,3790,PF,"Randolph, Shavlik",,4.8,"$3,500",pho,H,tor,125,109,7,0,4,0,0,0,0,0,0-1,0-0
20150220,3790,PF,"Randolph, Shavlik",,5.8,"$3,500",bos,A,sac,101,109,6,2,4,0,0,0,1,0,1-3,0-0
20150225,3790,PF,"Randolph, Shavlik",,0,"$3,500",bos,H,nyk,115,94,2,0,0,0,0,0,0,0,0-0,0-0
20150303,3790,PF,"Randolph, Shavlik",,14.3,"$3,500",bos,A,cle,79,110,13,4,4,1,1,1,0,0,2-6,0-0
20150316,3790,PF,"Randolph, Shavlik",,3.4,"$3,500",bos,H,phi,108,89,2,1,2,0,0,0,0,0,0-1,1-2
20150320,3790,PF,"Randolph, Shavlik",,2.4,"$3,500",bos,A,sas,89,101,1,0,2,0,0,0,0,0,0-0,0-0
