Date,GID,Pos,Name,Starter,FD Pts,FD Salary,Team,H/A,Oppt,Team Score,Oppt Score,Minutes,Points,Rebounds,Assists,Steals,Blocks,Turnovers,ThreePointers,FieldGoals,FreeThrows
20141006,4680,NA,"Randle, Julius",,20.1,N/A,lal,H,den,,,27,10,8,1,0,1,3,0,5-9,0-1
20141009,4680,NA,"Randle, Julius",,23.4,N/A,lal,H,gsw,,,18,12,7,2,0,0,0,0,4-12,4-7
20141012,4680,NA,"Randle, Julius",,8.2,N/A,lal,H,gsw,,,19,4,6,0,0,0,3,0,2-7,0-1
20141016,4680,NA,"Randle, Julius",,5.7,N/A,lal,H,uta,,,11,4,1,1,0,0,1,0,2-5,0-0
20141019,4680,NA,"Randle, Julius",,16,N/A,lal,H,uta,,,20,8,5,0,0,2,2,0,4-8,0-0
20141021,4680,NA,"Randle, Julius",,6.4,N/A,lal,H,pho,,,18,3,2,2,0,0,2,0,1-5,1-2
20141022,4680,NA,"Randle, Julius",,29.1,N/A,lal,H,por,,,24,17,8,1,1,0,1,0,7-10,3-4
20141024,4680,NA,"Randle, Julius",,24.8,N/A,lal,H,sac,,,30,12,9,2,1,0,3,0,6-12,0-1
20141028,4680,PF,"Randle, Julius",,1,"$5,500",lal,H,hou,90,108,14,2,0,0,0,0,1,0,1-3,0-2
