Date,GID,Pos,Name,Starter,FD Pts,FD Salary,Team,H/A,Oppt,Team Score,Oppt Score,Minutes,Points,Rebounds,Assists,Steals,Blocks,Turnovers,ThreePointers,FieldGoals,FreeThrows
20141006,4608,NA,"Rice Jr., Glen",,27.5,N/A,was,A,chi,,,21,18,0,3,2,1,1,3,6-8,3-4
20141008,4608,NA,"Rice Jr., Glen",,17.4,N/A,was,A,nor,,,27,9,7,2,0,0,3,0,3-11,3-4
20141010,4608,NA,"Rice Jr., Glen",,13.1,N/A,was,A,cha,,,19,6,3,1,1,0,0,0,2-7,2-4
20141012,4608,NA,"Rice Jr., Glen",1,3,N/A,was,H,det,,,22,2,0,0,0,1,1,0,1-6,0-0
20141015,4608,NA,"Rice Jr., Glen",1,14.8,N/A,was,H,MCH,,,11,11,4,0,0,0,1,0,5-11,1-1
20141030,4608,SG,"Rice Jr., Glen",,4.2,"$4,800",was,A,orl,105,98,14,5,1,0,0,0,2,1,1-2,2-3
20141101,4608,SG,"Rice Jr., Glen",,4,"$4,500",was,H,mil,108,97,5,4,0,0,0,0,0,0,1-3,2-3
20141104,4608,SG,"Rice Jr., Glen",,2.7,"$4,300",was,A,nyk,98,83,15,0,1,1,0,0,0,0,0-5,0-0
20141105,4608,SG,"Rice Jr., Glen",,4.4,"$4,300",was,H,ind,96,94,4,2,2,0,0,0,0,0,1-3,0-0
20141107,4608,SG,"Rice Jr., Glen",,1.5,"$3,800",was,A,tor,84,103,4,0,0,1,0,0,0,0,0-2,0-0
