Date,GID,Pos,Name,Starter,FD Pts,FD Salary,Team,H/A,Oppt,Team Score,Oppt Score,Minutes,Points,Rebounds,Assists,Steals,Blocks,Turnovers,ThreePointers,FieldGoals,FreeThrows
20141009,4737,NA,"Smith, Roscoe",,4.4,N/A,lal,H,gsw,,,13,2,2,0,0,0,0,0,1-2,0-0
20141012,4737,NA,"Smith, Roscoe",,4.4,N/A,lal,H,gsw,,,19,1,2,0,1,0,1,0,0-2,1-2
20141016,4737,NA,"Smith, Roscoe",,9.6,N/A,lal,H,uta,,,8,6,3,0,0,0,0,0,2-3,2-3
20141019,4737,NA,"Smith, Roscoe",,5.9,N/A,lal,H,uta,,,15,3,2,1,0,0,1,0,1-2,1-1
20141021,4737,NA,"Smith, Roscoe",,1.2,N/A,lal,H,pho,,,9,0,1,0,0,0,0,0,0-2,0-0
20141022,4737,NA,"Smith, Roscoe",,13.2,N/A,lal,H,por,,,19,6,6,0,0,0,0,0,3-5,0-2
20141024,4737,NA,"Smith, Roscoe",,11.2,N/A,lal,H,sac,,,22,4,6,0,0,0,0,0,2-4,0-2
