Date,GID,Pos,Name,Starter,FD Pts,FD Salary,Team,H/A,Oppt,Team Score,Oppt Score,Minutes,Points,Rebounds,Assists,Steals,Blocks,Turnovers,ThreePointers,FieldGoals,FreeThrows
20141007,4527,NA,"Teague, Marquis",,1.5,N/A,bkn,H,MTV,,,2,0,0,1,0,0,0,0,0-0,0-0
20141012,4527,NA,"Teague, Marquis",,15.4,N/A,bkn,A,sac,,,15,9,2,2,1,0,1,0,1-2,7-8
20141019,4527,NA,"Teague, Marquis",,10.7,N/A,bkn,H,bos,,,10,4,1,3,1,0,1,0,2-3,0-0
20141022,4527,NA,"Teague, Marquis",1,10,N/A,bkn,A,bos,,,24,10,0,4,0,0,6,0,4-6,2-3
