Date,GID,Pos,Name,Starter,FD Pts,FD Salary,Team,H/A,Oppt,Team Score,Oppt Score,Minutes,Points,Rebounds,Assists,Steals,Blocks,Turnovers,ThreePointers,FieldGoals,FreeThrows
20141008,3677,NA,"Telfair, Sebastian",,13.2,N/A,okc,A,den,,,11,7,1,2,1,0,0,1,2-5,2-2
20141016,3677,NA,"Telfair, Sebastian",1,22.7,N/A,okc,A,nor,,,40,16,1,3,1,1,3,2,6-17,2-2
20141017,3677,NA,"Telfair, Sebastian",,16.1,N/A,okc,H,tor,,,20,5,3,5,1,0,2,0,1-7,3-3
20141019,3677,NA,"Telfair, Sebastian",,14.1,N/A,okc,H,min,,,25,8,3,3,0,0,2,0,1-9,6-6
20141021,3677,NA,"Telfair, Sebastian",,11.4,N/A,okc,H,uta,,,18,5,2,2,1,0,1,1,2-8,0-0
20141029,3677,PG,"Telfair, Sebastian",,8.2,"$3,500",okc,A,por,89,106,15,4,1,2,0,0,0,0,1-9,2-2
20141030,3677,PG,"Telfair, Sebastian",,23.9,"$3,500",okc,A,lac,90,93,38,11,2,7,1,0,2,1,2-9,6-8
20141101,3677,PG,"Telfair, Sebastian",1,29.3,"$5,300",okc,H,den,102,91,39,4,4,9,4,0,1,0,1-10,2-4
20141103,3677,PG,"Telfair, Sebastian",,28,"$5,500",okc,A,bkn,85,116,35,16,5,6,0,0,3,3,5-10,3-4
20141104,3677,PG,"Telfair, Sebastian",,21.3,"$5,500",okc,A,tor,88,100,27,11,4,3,2,0,3,1,4-8,2-4
20141107,3677,PG,"Telfair, Sebastian",,12.7,"$5,100",okc,H,mem,89,91,18,13,1,1,0,0,3,2,5-11,1-2
20141109,3677,PG,"Telfair, Sebastian",,18.2,"$4,900",okc,H,sac,101,93,17,14,1,2,1,0,2,1,5-12,3-3
20141111,3677,PG,"Telfair, Sebastian",,4.7,"$4,900",okc,A,mil,78,85,16,2,1,1,0,0,0,0,1-6,0-0
20141112,3677,PG,"Telfair, Sebastian",,10.9,"$4,800",okc,A,bos,109,94,8,4,2,3,0,0,0,1,1-2,1-2
20141114,3677,PG,"Telfair, Sebastian",,3.5,"$4,300",okc,H,det,89,96,11,0,0,1,1,0,0,0,0-5,0-0
20141116,3677,PG,"Telfair, Sebastian",,15.1,"$4,300",okc,H,hou,65,69,21,9,3,1,1,0,1,2,3-9,1-1
20141118,3677,PG,"Telfair, Sebastian",,6.7,"$4,200",okc,A,uta,81,98,10,4,1,1,0,0,0,0,2-7,0-0
20141119,3677,PG,"Telfair, Sebastian",,22.4,"$4,200",okc,A,den,100,107,30,18,2,2,0,0,1,4,7-7,0-0
20141121,3677,PG,"Telfair, Sebastian",,13.7,"$4,200",okc,H,bkn,92,94,14,9,1,3,0,0,1,1,3-8,2-2
20141123,3677,PG,"Telfair, Sebastian",,12.4,"$4,200",okc,H,gsw,86,91,15,7,2,2,0,0,0,0,3-7,1-2
20141126,3677,PG,"Telfair, Sebastian",,5.5,"$4,100",okc,H,uta,97,82,13,5,0,1,0,0,1,1,2-4,0-0
