Date,GID,Pos,Name,Starter,FD Pts,FD Salary,Team,H/A,Oppt,Team Score,Oppt Score,Minutes,Points,Rebounds,Assists,Steals,Blocks,Turnovers,ThreePointers,FieldGoals,FreeThrows
20141029,4452,NA,"Thomas, Malcolm",,10,N/A,phi,A,ind,91,103,16,4,5,0,0,1,2,0,1-2,2-2
20141031,4452,PF,"Thomas, Malcolm",,18.5,"$3,500",phi,A,mil,81,93,15,6,5,3,1,0,0,0,3-5,0-0
20141101,4452,PF,"Thomas, Malcolm",,18.8,"$3,500",phi,H,mia,96,114,19,8,9,0,0,0,0,0,4-4,0-0
20141103,4452,PF,"Thomas, Malcolm",,3.7,"$3,500",phi,H,hou,93,104,11,2,1,1,0,0,1,0,1-1,0-0
20141105,4452,PF,"Thomas, Malcolm",,4.6,"$3,500",phi,H,orl,89,91,10,2,3,0,0,0,1,0,1-2,0-0
20141226,4452,PF,"Thomas, Malcolm",,0,"$3,500",phi,A,por,93,114,3,0,0,0,0,0,0,0,0-0,0-0
20141230,4452,PF,"Thomas, Malcolm",,17.6,"$3,500",phi,A,gsw,86,126,17,10,8,0,0,0,2,0,4-6,2-2
20150102,4452,PF,"Thomas, Malcolm",,8.4,"$3,500",phi,A,pho,96,112,11,1,2,2,1,0,0,0,0-2,1-2
20150103,4452,PF,"Thomas, Malcolm",,6.5,"$3,500",phi,A,lac,91,127,17,0,5,1,0,0,1,0,0-2,0-0
20150105,4452,PF,"Thomas, Malcolm",,6.4,"$3,500",phi,H,cle,95,92,11,2,2,0,1,0,0,0,1-3,0-0
20150107,4452,PF,"Thomas, Malcolm",,2.4,"$3,500",phi,H,mil,77,97,10,0,2,0,0,0,0,0,0-1,0-0
20150109,4452,PF,"Thomas, Malcolm",,1.6,"$3,500",phi,A,bkn,90,88,8,0,3,0,0,0,2,0,0-1,0-0
20150113,4452,PF,"Thomas, Malcolm",,0,"$3,500",phi,H,atl,87,105,4,0,0,0,0,0,0,0,0-1,0-0
20150117,4452,PF,"Thomas, Malcolm",,3.2,"$3,500",phi,A,det,83,107,7,2,1,0,0,0,0,0,1-2,0-0
20150119,4452,PF,"Thomas, Malcolm",,2.2,"$3,500",phi,A,was,74,111,12,2,1,0,0,0,1,0,1-4,0-0
20150121,4452,PF,"Thomas, Malcolm",,13.4,"$3,500",phi,H,nyk,87,98,18,6,7,0,0,0,1,0,1-4,4-7
20150124,4452,PF,"Thomas, Malcolm",,0.4,"$3,500",phi,A,mem,83,101,5,0,2,0,0,0,2,0,0-0,0-0
