Date,GID,Pos,Name,Starter,FD Pts,FD Salary,Team,H/A,Oppt,Team Score,Oppt Score,Minutes,Points,Rebounds,Assists,Steals,Blocks,Turnovers,ThreePointers,FieldGoals,FreeThrows
20141007,3805,NA,"Turiaf, Ronny",,8.7,N/A,min,A,ind,,,15,1,6,1,0,0,1,0,0-2,1-2
20141019,3805,NA,"Turiaf, Ronny",1,10.3,N/A,min,A,okc,,,14,4,4,1,0,0,0,0,2-2,0-0
20141024,3805,NA,"Turiaf, Ronny",,5.6,N/A,min,A,chi,,,6,2,3,0,0,0,0,0,1-1,0-0
20141112,3805,C,"Turiaf, Ronny",,2.7,"$3,500",min,H,hou,101,113,10,0,1,1,0,0,0,0,0-0,0-0
20141114,3805,C,"Turiaf, Ronny",,1.5,"$3,500",min,A,nor,91,139,10,0,0,1,0,0,0,0,0-0,0-0
